"Timestamp","Direction","Protocol","SrcIP","SrcPort","DstIP","DstPort","Action","Rule","Bytes","Packets","Computer","User","Note"
"2025-08-28T11:48:15","INBOUND","UDP","162.114.203.139","138","172.27.232.141","174","ALLOW","Allow-Standard","152922","1132","SRV-WEB1",,""
"2025-08-28T11:49:45","INBOUND","TCP","172.25.219.170","892","192.168.37.219","23","ALLOW","Allow-Standard","174536","456","SRV-DC1","achapman",""
"2025-08-28T12:04:55","INBOUND","TCP","172.24.145.35","17504","10.136.204.20","36835","BLOCK","Default-Deny","192892","423","SRV-REMOTE1","kparker","Potential noise or policy match"
"2025-08-28T12:13:20","OUTBOUND","UDP","192.168.108.124","80","192.168.85.53","375","ALLOW","Allow-Standard","40328","60","SRV-WEB1","svc_web",""
"2025-08-28T12:13:20","OUTBOUND","TCP","10.238.85.27","65534","11.19.212.122","23733","ALLOW","Allow-Standard","99531","579","SRV-SQL1",,""
"2025-08-28T12:13:21","OUTBOUND","TCP","172.28.217.131","8443","156.146.195.217","59139","ALLOW","Allow-Standard","142804","902","SRV-SQL1",,""
"2025-08-28T12:15:38","OUTBOUND","UDP","10.82.54.244","15457","10.93.97.177","32021","ALLOW","Allow-Standard","53626","1079","WIN10LAB","tnguyen",""
"2025-08-28T12:16:24","OUTBOUND","TCP","192.168.244.74","39664","192.168.223.230","20625","ALLOW","Allow-Standard","161840","365","SRV-SIEM1",,""
"2025-08-28T12:17:12","INBOUND","UDP","172.23.56.75","24682","10.75.164.108","445","ALLOW","Allow-Standard","56341","97","SRV-DC1",,""
"2025-08-28T12:20:47","OUTBOUND","UDP","172.26.222.211","3389","58.168.103.81","42142","ALLOW","Allow-Standard","130941","451","SRV-REMOTE1",,""
"2025-08-28T12:21:24","OUTBOUND","TCP","192.168.238.110","8080","148.198.144.87","45332","ALLOW","Allow-Standard","122651","204","SRV-SQL1",,""
"2025-08-28T12:22:04","INBOUND","UDP","192.168.214.158","6119","10.70.34.20","59090","ALLOW","Allow-Standard","198070","485","SRV-REMOTE1",,""
"2025-08-28T12:22:33","OUTBOUND","UDP","172.29.158.21","11978","172.18.146.136","31155","ALLOW","Allow-Standard","142630","987","SRV-REMOTE1",,""
"2025-08-28T12:23:22","OUTBOUND","TCP","172.16.63.174","22444","192.168.134.128","237","ALLOW","Allow-Standard","172028","73","SRV-SQL1",,""
"2025-08-28T12:23:55","INBOUND","TCP","48.126.174.146","25213","172.19.184.70","25","ALLOW","Allow-Standard","13857","855","SRV-REMOTE1","achapman",""
"2025-08-28T12:31:57","OUTBOUND","TCP","172.17.137.38","25397","192.168.183.141","18877","ALLOW","Allow-Standard","121552","775","SRV-SIEM1","kparker",""
"2025-08-28T12:32:08","OUTBOUND","UDP","192.168.254.56","49696","172.24.146.56","33974","ALLOW","Allow-Standard","16040","968","SRV-REMOTE1",,""
"2025-08-28T12:32:09","OUTBOUND","TCP","192.168.209.128","113","10.126.128.199","10077","ALLOW","Allow-Standard","81554","530","SRV-DC1","tnguyen",""
"2025-08-28T12:34:02","OUTBOUND","TCP","10.74.58.58","5248","192.168.244.81","707","ALLOW","Allow-Standard","145083","339","SRV-DC1",,""
"2025-08-28T12:34:47","OUTBOUND","UDP","192.168.206.226","23737","192.168.218.179","708","BLOCK","Default-Deny","135744","398","SRV-REMOTE1",,"Potential noise or policy match"
"2025-08-28T12:36:19","OUTBOUND","UDP","172.22.116.80","110","192.168.66.26","11712","ALLOW","Allow-Standard","157188","1101","WIN10LAB",,""
"2025-08-28T12:37:05","OUTBOUND","TCP","10.235.101.69","358","136.40.128.21","4733","ALLOW","Allow-Standard","18458","753","SRV-REMOTE1",,""
"2025-08-28T12:37:40","INBOUND","TCP","10.208.65.125","763","192.168.23.215","9764","ALLOW","Allow-Standard","183614","969","SRV-WEB1",,""
"2025-08-28T12:41:17","OUTBOUND","TCP","192.168.206.253","65120","10.85.182.86","55749","ALLOW","Allow-Standard","2556","213","SRV-WEB1",,""
"2025-08-28T12:42:55","INBOUND","UDP","192.168.98.219","876","192.168.244.151","28772","ALLOW","Allow-Standard","176350","311","SRV-REMOTE1",,""
"2025-08-28T12:44:34","OUTBOUND","TCP","192.168.196.107","923","192.168.230.240","23083","ALLOW","Allow-Standard","64300","67","SRV-SIEM1",,""
"2025-08-28T12:45:06","INBOUND","UDP","10.92.194.165","41034","10.67.145.77","63636","ALLOW","Allow-Standard","70019","1122","SRV-SQL1",,""
"2025-08-28T12:45:32","INBOUND","TCP","129.157.23.252","59360","172.31.21.89","288","ALLOW","Allow-Standard","81324","170","WIN10LAB",,""
"2025-08-28T12:49:18","INBOUND","UDP","192.168.124.48","48375","10.129.57.141","445","ALLOW","Allow-Standard","74390","851","SRV-SQL1",,""
"2025-08-28T12:50:49","OUTBOUND","TCP","192.168.14.195","443","172.18.231.191","17956","ALLOW","Allow-Standard","28246","610","SRV-DC1","kparker",""
"2025-08-28T12:54:42","INBOUND","TCP","172.21.62.64","30316","10.103.59.109","7696","ALLOW","Allow-Standard","142364","792","WIN10LAB",,""
"2025-08-28T12:58:57","OUTBOUND","UDP","192.168.176.2","40247","172.29.109.74","58791","ALLOW","Allow-Standard","83738","780","SRV-WEB1",,""
"2025-08-28T12:59:11","OUTBOUND","TCP","192.168.191.42","19960","192.168.142.91","11828","ALLOW","Allow-Standard","153771","628","WIN10LAB",,""
"2025-08-28T13:00:28","INBOUND","UDP","10.23.51.137","35965","10.68.34.10","10905","ALLOW","Allow-Standard","107836","615","SRV-DC1","tnguyen",""
"2025-08-28T13:00:31","OUTBOUND","TCP","10.125.53.250","30388","192.168.251.128","6364","ALLOW","Allow-Standard","139561","837","SRV-DC1",,""
"2025-08-28T13:02:34","OUTBOUND","TCP","172.19.183.36","53","116.69.200.149","30128","ALLOW","Allow-Standard","114593","803","SRV-REMOTE1",,""
"2025-08-28T13:03:12","INBOUND","UDP","172.22.154.71","15911","10.7.167.189","11253","ALLOW","Allow-Standard","194152","550","SRV-REMOTE1",,""
"2025-08-28T13:07:51","OUTBOUND","TCP","10.3.137.220","25","68.195.137.4","4000","ALLOW","Allow-Standard","39549","603","SRV-DC1",,""
"2025-08-28T13:09:35","INBOUND","UDP","172.30.14.202","988","172.27.17.64","20574","ALLOW","Allow-Standard","177846","696","WIN10LAB","kparker",""
"2025-08-28T13:15:55","INBOUND","TCP","172.18.102.229","44807","192.168.205.92","110","ALLOW","Allow-Standard","198390","31","SRV-WEB1",,""
"2025-08-28T13:17:16","INBOUND","UDP","88.34.62.221","1900","192.168.88.192","35183","BLOCK","Default-Deny","42543","902","SRV-WEB1",,"Potential noise or policy match"
"2025-08-28T13:18:14","INBOUND","UDP","192.168.208.86","572","172.17.63.220","587","ALLOW","Allow-Standard","140066","704","SRV-SIEM1",,""
"2025-08-28T13:19:48","INBOUND","TCP","192.168.95.58","25209","172.31.233.20","23","BLOCK","Default-Deny","76409","447","SRV-SQL1",,"Potential noise or policy match"
"2025-08-28T13:20:00","INBOUND","UDP","10.79.204.252","64926","10.168.108.13","80","ALLOW","Allow-Standard","112041","882","SRV-SIEM1","hlee",""
"2025-08-28T13:21:12","INBOUND","TCP","172.27.238.220","3425","172.17.220.159","49464","ALLOW","Allow-Standard","149463","60","SRV-SQL1",,""
"2025-08-28T13:25:12","OUTBOUND","UDP","172.16.52.215","708","85.201.51.84","7895","ALLOW","Allow-Standard","46592","1063","SRV-SIEM1","bpatel",""
"2025-08-28T13:31:25","INBOUND","UDP","10.26.55.200","38874","172.20.148.14","139","ALLOW","Allow-Standard","183800","387","SRV-REMOTE1",,""
"2025-08-28T13:34:53","INBOUND","UDP","21.219.218.114","35973","192.168.72.80","8080","ALLOW","Allow-Standard","166543","17","SRV-FILE1","svc_sql",""
"2025-08-28T13:37:41","INBOUND","UDP","32.176.163.42","41918","192.168.55.212","8443","BLOCK","Default-Deny","106542","17","SRV-SIEM1","svc_web","Potential noise or policy match"
"2025-08-28T13:46:13","INBOUND","TCP","192.168.224.163","54012","10.64.117.248","25","ALLOW","Allow-Standard","154362","351","SRV-WEB1",,""
"2025-08-28T13:48:04","INBOUND","UDP","172.20.139.145","46607","10.222.185.134","112","ALLOW","Allow-Standard","21919","25","SRV-WEB1",,""
"2025-08-28T13:48:34","OUTBOUND","UDP","192.168.134.92","445","192.168.5.23","15565","ALLOW","Allow-Standard","110933","632","SRV-SIEM1",,""
"2025-08-28T13:59:15","INBOUND","TCP","132.38.245.12","15606","192.168.63.168","52317","ALLOW","Allow-Standard","163510","461","SRV-DC1",,""
"2025-08-28T14:06:57","OUTBOUND","UDP","172.22.71.210","13495","146.114.32.229","49271","ALLOW","Allow-Standard","11547","539","WIN10LAB",,""
"2025-08-28T14:07:29","OUTBOUND","UDP","10.67.61.57","139","192.168.12.250","5882","ALLOW","Allow-Standard","120206","544","SRV-DC1",,""
"2025-08-28T14:07:44","OUTBOUND","TCP","10.121.194.150","30504","172.21.136.48","19697","ALLOW","Allow-Standard","45854","157","SRV-FILE1",,""
"2025-08-28T14:12:43","OUTBOUND","UDP","10.224.127.67","49564","214.224.57.8","35171","ALLOW","Allow-Standard","98358","930","SRV-DC1",,""
"2025-08-28T14:14:10","INBOUND","UDP","10.141.18.210","51314","172.16.109.95","51229","ALLOW","Allow-Standard","1418","616","SRV-WEB1",,""
"2025-08-28T14:15:23","OUTBOUND","TCP","10.176.143.228","110","10.80.145.54","40888","ALLOW","Allow-Standard","40013","513","SRV-WEB1",,""
"2025-08-28T14:18:36","OUTBOUND","TCP","10.176.57.88","59286","192.168.228.181","43742","ALLOW","Allow-Standard","62257","156","SRV-REMOTE1",,""
"2025-08-28T14:22:05","INBOUND","UDP","192.168.1.196","32449","192.168.139.23","80","ALLOW","Allow-Standard","136655","399","SRV-SQL1","achapman",""
"2025-08-28T14:26:57","OUTBOUND","TCP","10.2.182.243","8911","172.16.71.229","13740","ALLOW","Allow-Standard","186630","806","SRV-SIEM1",,""
"2025-08-28T14:27:05","OUTBOUND","UDP","10.135.98.177","52812","10.82.226.184","1699","BLOCK","Default-Deny","50121","19","SRV-SIEM1",,"Potential noise or policy match"
"2025-08-28T14:31:26","INBOUND","UDP","10.54.220.174","791","172.20.79.152","110","ALLOW","Allow-Standard","153646","711","WIN10LAB",,""
"2025-08-28T14:34:18","INBOUND","UDP","167.101.95.48","46164","172.18.166.109","408","ALLOW","Allow-Standard","72053","1141","SRV-SIEM1","kparker",""
"2025-08-28T14:37:35","OUTBOUND","TCP","10.119.241.157","709","172.18.66.160","829","ALLOW","Allow-Standard","150409","544","SRV-DC1",,""
"2025-08-28T14:40:11","OUTBOUND","UDP","10.229.159.68","143","12.184.153.152","33887","ALLOW","Allow-Standard","6211","956","SRV-SQL1",,""
"2025-08-28T14:43:53","INBOUND","TCP","71.61.130.127","39842","192.168.241.35","445","ALLOW","Allow-Standard","10905","264","SRV-SQL1",,""
"2025-08-28T14:44:31","OUTBOUND","UDP","10.25.205.57","26302","10.168.182.39","52559","ALLOW","Allow-Standard","151270","177","SRV-FILE1",,""
"2025-08-28T14:45:46","OUTBOUND","TCP","10.247.90.164","23","10.95.133.216","13683","ALLOW","Allow-Standard","186490","100","SRV-SIEM1",,""
"2025-08-28T14:50:19","OUTBOUND","TCP","172.16.119.205","59740","10.190.60.2","167","ALLOW","Allow-Standard","144308","511","SRV-REMOTE1",,""
"2025-08-28T14:57:00","OUTBOUND","UDP","192.168.172.69","751","75.174.144.252","58998","ALLOW","Allow-Standard","128312","896","SRV-DC1",,""
"2025-08-28T15:00:04","INBOUND","UDP","192.168.26.8","29054","192.168.53.77","25","ALLOW","Allow-Standard","67040","313","SRV-REMOTE1",,""
"2025-08-28T15:01:30","OUTBOUND","TCP","192.168.38.137","34670","172.28.160.83","362","ALLOW","Allow-Standard","130595","961","SRV-FILE1",,""
"2025-08-28T15:11:37","INBOUND","UDP","172.30.251.127","36761","192.168.70.106","49675","ALLOW","Allow-Standard","19213","636","WIN10LAB",,""
"2025-08-28T15:14:40","OUTBOUND","UDP","172.24.254.8","224","192.168.96.140","2052","ALLOW","Allow-Standard","67398","613","SRV-SIEM1",,""
"2025-08-28T15:18:34","INBOUND","UDP","1.121.163.232","1003","10.145.90.3","80","BLOCK","Default-Deny","43685","328","SRV-SQL1",,"Potential noise or policy match"
"2025-08-28T15:20:02","INBOUND","UDP","192.168.66.37","301","192.168.107.100","3389","ALLOW","Allow-Standard","143769","298","SRV-REMOTE1",,""
"2025-08-28T15:29:13","OUTBOUND","UDP","172.25.110.191","357","172.25.117.29","40965","ALLOW","Allow-Standard","101678","1133","SRV-SQL1",,""
"2025-08-28T15:33:30","INBOUND","TCP","134.128.93.186","267","10.38.185.89","23","ALLOW","Allow-Standard","97992","875","SRV-REMOTE1","mgarcia",""
"2025-08-28T15:37:12","OUTBOUND","TCP","192.168.93.207","4484","10.112.125.125","768","ALLOW","Allow-Standard","13076","221","SRV-SQL1",,""
"2025-08-28T15:38:12","INBOUND","UDP","192.168.145.44","31237","172.16.107.107","143","ALLOW","Allow-Standard","119354","366","WIN10LAB","tnguyen",""
"2025-08-28T15:38:26","OUTBOUND","UDP","10.189.136.224","9430","192.168.181.208","51903","ALLOW","Allow-Standard","148799","333","SRV-DC1",,""
"2025-08-28T15:38:51","INBOUND","UDP","172.22.32.169","31362","192.168.181.72","8846","ALLOW","Allow-Standard","161503","836","SRV-DC1",,""
"2025-08-28T15:50:09","OUTBOUND","UDP","10.231.189.164","3389","36.23.179.11","67","ALLOW","Allow-Standard","9054","45","SRV-FILE1",,""
"2025-08-28T15:51:16","INBOUND","UDP","56.51.56.151","21407","192.168.4.186","587","ALLOW","Allow-Standard","57377","823","WIN10LAB",,""
"2025-08-28T15:53:03","OUTBOUND","TCP","172.22.213.250","46956","108.177.227.109","63580","BLOCK","Default-Deny","44422","1086","SRV-WEB1",,"Potential noise or policy match"
"2025-08-28T15:54:32","OUTBOUND","UDP","10.92.235.131","8080","10.153.20.37","30786","ALLOW","Allow-Standard","62690","226","WIN10LAB",,""
"2025-08-28T15:55:57","OUTBOUND","UDP","172.16.123.228","788","85.11.222.108","39390","ALLOW","Allow-Standard","112298","684","SRV-WEB1",,""
"2025-08-28T15:57:37","OUTBOUND","TCP","172.28.90.51","19662","172.27.77.70","30673","BLOCK","Default-Deny","188617","544","SRV-REMOTE1","svc_web","Potential noise or policy match"
"2025-08-28T15:58:32","OUTBOUND","UDP","10.37.44.83","6550","196.73.144.243","23035","BLOCK","Default-Deny","41839","1119","SRV-FILE1",,"Potential noise or policy match"
"2025-08-28T15:58:40","OUTBOUND","TCP","10.235.20.75","15065","120.235.212.125","38128","ALLOW","Allow-Standard","106827","111","SRV-DC1","bpatel",""
"2025-08-28T16:01:03","OUTBOUND","UDP","172.30.17.139","40147","41.221.102.223","28697","ALLOW","Allow-Standard","13327","546","SRV-FILE1","svc_web",""
"2025-08-28T16:01:11","OUTBOUND","TCP","172.21.113.58","39604","192.168.204.69","64188","ALLOW","Allow-Standard","109754","834","SRV-DC1",,""
"2025-08-28T16:01:15","OUTBOUND","UDP","10.37.7.161","64317","33.246.123.234","55396","ALLOW","Allow-Standard","2116","85","SRV-FILE1",,""
"2025-08-28T16:01:44","INBOUND","UDP","10.158.203.213","28051","172.24.248.120","587","ALLOW","Allow-Standard","189763","497","SRV-SIEM1",,""
"2025-08-28T16:06:41","OUTBOUND","UDP","172.21.172.67","389","10.77.245.204","379","ALLOW","Allow-Standard","161029","968","SRV-FILE1",,""
"2025-08-28T16:07:07","INBOUND","UDP","129.0.246.12","32015","172.25.47.60","46342","ALLOW","Allow-Standard","80640","895","SRV-SIEM1",,""
"2025-08-28T16:10:49","OUTBOUND","UDP","192.168.137.205","174","10.231.87.222","57011","ALLOW","Allow-Standard","155586","774","WIN10LAB",,""
"2025-08-28T16:11:06","OUTBOUND","TCP","172.20.67.205","848","10.211.177.224","29024","ALLOW","Allow-Standard","171009","331","WIN10LAB",,""
"2025-08-28T16:11:25","OUTBOUND","UDP","10.149.58.174","44628","80.131.0.142","32615","ALLOW","Allow-Standard","105144","297","WIN10LAB",,""
"2025-08-28T16:13:34","OUTBOUND","TCP","172.30.11.73","587","192.168.120.123","32336","ALLOW","Allow-Standard","189782","1059","WIN10LAB",,""
"2025-08-28T16:14:36","INBOUND","TCP","10.238.242.253","829","10.59.168.52","1004","ALLOW","Allow-Standard","147747","261","SRV-REMOTE1",,""
"2025-08-28T16:16:09","OUTBOUND","UDP","172.22.60.187","42845","10.78.74.206","37492","ALLOW","Allow-Standard","93465","699","SRV-SIEM1",,""
"2025-08-28T16:17:38","OUTBOUND","UDP","172.17.108.163","443","192.168.21.225","20337","BLOCK","Default-Deny","124325","286","WIN10LAB",,"Potential noise or policy match"
"2025-08-28T16:17:54","OUTBOUND","TCP","192.168.135.14","587","10.236.232.156","27333","ALLOW","Allow-Standard","2502","657","SRV-SQL1",,""
"2025-08-28T16:21:20","OUTBOUND","TCP","192.168.63.81","14106","192.168.41.27","55886","BLOCK","Default-Deny","69224","480","SRV-DC1","bpatel","Potential noise or policy match"
"2025-08-28T16:21:44","INBOUND","TCP","10.3.205.125","7099","10.63.68.130","24207","ALLOW","Allow-Standard","38904","8","WIN10LAB",,""
"2025-08-28T16:22:28","OUTBOUND","UDP","172.19.5.188","445","192.168.233.83","64970","BLOCK","Default-Deny","112701","49","SRV-DC1",,"Potential noise or policy match"
"2025-08-28T16:26:25","OUTBOUND","TCP","172.26.182.54","6562","192.168.203.58","29567","ALLOW","Allow-Standard","125278","862","SRV-REMOTE1",,""
"2025-08-28T16:27:17","INBOUND","TCP","10.204.74.233","1951","172.27.229.27","445","ALLOW","Allow-Standard","106266","795","WIN10LAB",,""
"2025-08-28T16:27:50","INBOUND","UDP","72.13.184.69","908","192.168.135.62","22746","ALLOW","Allow-Standard","43082","909","SRV-REMOTE1",,""
"2025-08-28T16:28:19","OUTBOUND","UDP","192.168.90.64","37334","95.124.100.20","61067","ALLOW","Allow-Standard","124201","652","SRV-WEB1",,""
"2025-08-28T16:29:15","OUTBOUND","TCP","172.17.71.104","64503","166.113.122.225","6833","ALLOW","Allow-Standard","102079","1146","SRV-FILE1",,""
"2025-08-28T16:30:04","OUTBOUND","UDP","192.168.188.40","53463","192.168.139.128","58","BLOCK","Default-Deny","178332","249","SRV-SIEM1",,"Potential noise or policy match"
"2025-08-28T16:32:38","INBOUND","TCP","10.166.43.203","348","192.168.129.5","80","ALLOW","Allow-Standard","80126","244","SRV-SQL1","svc_sql",""
"2025-08-28T16:32:49","INBOUND","UDP","172.19.74.112","38384","172.21.131.55","587","ALLOW","Allow-Standard","59813","403","SRV-WEB1",,""
"2025-08-28T16:32:51","INBOUND","UDP","65.59.144.141","22315","192.168.105.31","143","ALLOW","Allow-Standard","129643","907","SRV-FILE1",,""
"2025-08-28T16:37:20","OUTBOUND","UDP","172.23.217.195","454","192.168.228.169","604","ALLOW","Allow-Standard","117325","895","SRV-DC1",,""
"2025-08-28T16:38:58","OUTBOUND","TCP","10.84.210.240","8081","172.21.211.36","965","ALLOW","Allow-Standard","161266","716","WIN10LAB",,""
"2025-08-28T16:42:37","OUTBOUND","UDP","192.168.209.57","47596","10.164.182.94","640","ALLOW","Allow-Standard","59117","163","SRV-FILE1",,""
"2025-08-28T16:43:12","OUTBOUND","TCP","172.30.65.98","28429","172.17.252.24","42140","ALLOW","Allow-Standard","176154","466","SRV-FILE1",,""
"2025-08-28T16:43:15","OUTBOUND","UDP","192.168.157.35","23","192.168.65.204","61749","ALLOW","Allow-Standard","148374","431","SRV-FILE1",,""
"2025-08-28T16:43:51","OUTBOUND","UDP","192.168.167.7","15594","192.168.211.98","25417","ALLOW","Allow-Standard","105402","649","SRV-DC1",,""
"2025-08-28T16:44:32","OUTBOUND","UDP","192.168.68.217","5857","10.104.100.209","60405","BLOCK","Default-Deny","57129","1076","SRV-WEB1",,"Potential noise or policy match"
"2025-08-28T16:44:43","INBOUND","UDP","186.113.106.118","760","192.168.114.152","44667","ALLOW","Allow-Standard","127140","514","SRV-SIEM1",,""
"2025-08-28T16:46:50","INBOUND","TCP","185.141.223.80","13897","172.28.223.191","389","ALLOW","Allow-Standard","147941","596","SRV-FILE1",,""
"2025-08-28T16:49:14","INBOUND","UDP","172.30.177.172","42139","192.168.36.185","587","ALLOW","Allow-Standard","125817","711","SRV-REMOTE1",,""
"2025-08-28T16:53:06","OUTBOUND","UDP","10.17.99.18","22028","180.143.101.204","58921","ALLOW","Allow-Standard","132372","639","SRV-WEB1",,""
"2025-08-28T16:53:28","INBOUND","TCP","169.95.126.199","33698","192.168.207.19","8443","BLOCK","Default-Deny","117357","651","SRV-FILE1","Administrator","Potential noise or policy match"
"2025-08-28T16:54:40","INBOUND","UDP","172.20.237.111","40","192.168.142.158","4870","ALLOW","Allow-Standard","136648","890","SRV-REMOTE1",,""
"2025-08-28T16:55:09","INBOUND","UDP","172.17.133.128","36488","192.168.251.194","45076","ALLOW","Allow-Standard","87828","486","SRV-SIEM1","kparker",""
"2025-08-28T16:57:17","OUTBOUND","TCP","172.30.75.33","143","10.99.77.146","14605","ALLOW","Allow-Standard","85064","783","SRV-FILE1",,""
"2025-08-28T17:06:14","INBOUND","TCP","10.66.17.215","41","192.168.200.151","3492","BLOCK","Default-Deny","56736","627","SRV-FILE1",,"Potential noise or policy match"
"2025-08-28T17:08:26","OUTBOUND","UDP","172.20.168.32","221","172.29.183.100","614","ALLOW","Allow-Standard","152156","1076","SRV-REMOTE1","jsmith",""
"2025-08-28T17:09:25","OUTBOUND","TCP","10.81.140.227","587","192.168.119.200","33771","BLOCK","Default-Deny","130081","769","WIN10LAB",,"Potential noise or policy match"
"2025-08-28T17:10:35","OUTBOUND","TCP","172.22.103.5","8443","172.22.232.218","55226","ALLOW","Allow-Standard","60717","339","SRV-FILE1",,""
"2025-08-28T17:10:48","OUTBOUND","TCP","10.156.33.133","1009","192.168.42.193","18061","ALLOW","Allow-Standard","99020","736","SRV-FILE1",,""
"2025-08-28T17:13:01","OUTBOUND","UDP","10.180.11.192","443","172.31.142.12","1561","ALLOW","Allow-Standard","90729","744","SRV-FILE1",,""
"2025-08-28T17:13:57","OUTBOUND","UDP","172.20.57.235","590","190.242.156.135","28363","ALLOW","Allow-Standard","180329","693","WIN10LAB",,""
"2025-08-28T17:15:22","OUTBOUND","TCP","192.168.22.193","54494","15.105.79.104","737","ALLOW","Allow-Standard","94307","429","WIN10LAB",,""
"2025-08-28T17:18:08","INBOUND","UDP","172.21.223.20","18481","172.29.97.244","43","BLOCK","Default-Deny","134511","651","SRV-REMOTE1",,"Potential noise or policy match"
"2025-08-28T17:21:26","OUTBOUND","TCP","10.113.211.230","140","192.168.181.141","45090","BLOCK","Default-Deny","138638","273","SRV-FILE1",,"Potential noise or policy match"
"2025-08-28T17:22:20","INBOUND","UDP","172.27.86.34","234","192.168.28.159","443","BLOCK","Default-Deny","27241","321","SRV-SIEM1",,"Potential noise or policy match"
"2025-08-28T17:23:04","INBOUND","TCP","172.23.83.196","18146","10.44.52.32","8080","ALLOW","Allow-Standard","116466","1158","SRV-SIEM1",,""
"2025-08-28T17:23:27","OUTBOUND","TCP","192.168.97.149","4562","138.219.25.227","11552","ALLOW","Allow-Standard","183161","761","SRV-REMOTE1",,""
"2025-08-28T17:26:00","OUTBOUND","UDP","172.29.78.235","957","30.125.6.233","36790","ALLOW","Allow-Standard","96248","352","SRV-REMOTE1",,""
"2025-08-28T17:30:09","INBOUND","UDP","172.30.67.100","19322","192.168.179.117","28451","ALLOW","Allow-Standard","192345","45","SRV-REMOTE1",,""
"2025-08-28T17:32:04","OUTBOUND","TCP","192.168.9.78","9982","10.189.1.116","109","ALLOW","Allow-Standard","38864","634","SRV-FILE1",,""
"2025-08-28T17:32:35","INBOUND","TCP","192.168.223.90","22860","172.28.174.11","110","ALLOW","Allow-Standard","29991","968","SRV-SIEM1",,""
"2025-08-28T17:38:13","INBOUND","UDP","172.28.196.26","2915","10.29.254.36","8080","ALLOW","Allow-Standard","10157","780","SRV-FILE1",,""
"2025-08-28T17:39:20","OUTBOUND","TCP","172.26.27.2","21594","181.242.130.216","25192","ALLOW","Allow-Standard","85313","313","SRV-DC1","achapman",""
"2025-08-28T17:39:36","OUTBOUND","TCP","10.78.72.109","629","172.31.203.60","60259","ALLOW","Allow-Standard","177452","186","SRV-SIEM1",,""
"2025-08-28T17:41:31","INBOUND","UDP","37.31.94.34","11972","10.175.84.214","8443","ALLOW","Allow-Standard","93667","565","WIN10LAB",,""
"2025-08-28T17:42:10","OUTBOUND","TCP","172.19.103.8","299","172.26.22.44","29425","ALLOW","Allow-Standard","18018","928","SRV-WEB1",,""
"2025-08-28T17:45:24","INBOUND","TCP","101.44.62.176","66","10.236.144.110","52335","ALLOW","Allow-Standard","145722","162","SRV-FILE1",,""
"2025-08-28T17:47:32","INBOUND","UDP","172.22.202.5","35610","192.168.169.220","22","ALLOW","Allow-Standard","38129","401","SRV-REMOTE1",,""
"2025-08-28T17:48:49","INBOUND","TCP","172.22.188.245","22503","10.64.216.61","525","ALLOW","Allow-Standard","46147","642","SRV-REMOTE1",,""
"2025-08-28T17:49:18","INBOUND","TCP","10.6.85.198","22539","10.188.237.194","23","ALLOW","Allow-Standard","65412","382","SRV-WEB1",,""
"2025-08-28T17:50:03","INBOUND","UDP","172.24.83.28","52477","172.31.140.189","445","ALLOW","Allow-Standard","35846","931","SRV-SQL1",,""
"2025-08-28T17:51:27","INBOUND","UDP","172.26.231.171","54015","10.188.209.106","39474","ALLOW","Allow-Standard","161720","1089","SRV-REMOTE1",,""
"2025-08-28T17:54:27","OUTBOUND","TCP","172.17.182.113","8463","172.27.249.138","62472","ALLOW","Allow-Standard","130504","365","SRV-DC1",,""
"2025-08-28T17:56:02","OUTBOUND","UDP","10.69.70.91","48029","10.84.212.41","39003","ALLOW","Allow-Standard","145871","842","SRV-SQL1",,""
"2025-08-28T18:00:55","INBOUND","UDP","11.244.212.132","406","172.30.217.76","587","ALLOW","Allow-Standard","112695","715","SRV-WEB1",,""
"2025-08-28T18:03:10","OUTBOUND","TCP","172.23.26.53","17040","172.29.238.63","573","ALLOW","Allow-Standard","165940","474","SRV-SQL1","svc_sql",""
"2025-08-28T18:10:04","INBOUND","UDP","172.18.162.216","6143","172.18.41.179","63511","ALLOW","Allow-Standard","156409","877","WIN10LAB",,""
"2025-08-28T18:11:14","INBOUND","TCP","10.10.171.64","10401","172.30.142.250","60486","ALLOW","Allow-Standard","194942","653","SRV-SIEM1",,""
"2025-08-28T18:11:49","INBOUND","TCP","10.10.227.56","110","192.168.217.103","110","ALLOW","Allow-Standard","132874","527","SRV-DC1",,""
"2025-08-28T18:16:37","INBOUND","UDP","192.168.203.44","50248","192.168.168.3","135","BLOCK","Default-Deny","196724","555","SRV-SQL1",,"Potential noise or policy match"
"2025-08-28T18:17:28","INBOUND","TCP","200.197.29.49","10290","10.212.118.37","445","ALLOW","Allow-Standard","85732","683","SRV-DC1",,""
"2025-08-28T18:18:01","OUTBOUND","UDP","192.168.219.94","857","172.31.89.167","50266","BLOCK","Default-Deny","128520","505","WIN10LAB",,"Potential noise or policy match"
"2025-08-28T18:20:25","INBOUND","UDP","104.100.30.74","11470","10.135.101.19","8443","ALLOW","Allow-Standard","115962","475","SRV-SQL1",,""
"2025-08-28T18:21:53","INBOUND","TCP","10.74.129.185","52079","192.168.1.21","65289","ALLOW","Allow-Standard","195871","293","SRV-REMOTE1",,""
"2025-08-28T18:32:52","INBOUND","TCP","40.205.197.161","17896","172.24.244.18","51979","BLOCK","Default-Deny","83341","691","SRV-SIEM1",,"Potential noise or policy match"
"2025-08-28T18:33:43","INBOUND","TCP","10.238.108.14","602","192.168.254.140","21258","ALLOW","Allow-Standard","110983","117","SRV-FILE1","hlee",""
"2025-08-28T18:41:23","INBOUND","UDP","193.115.7.206","59333","10.73.24.234","23","ALLOW","Allow-Standard","100184","109","SRV-SIEM1",,""
"2025-08-28T18:43:00","OUTBOUND","UDP","192.168.206.136","110","192.168.171.10","52706","ALLOW","Allow-Standard","40065","465","SRV-FILE1",,""
"2025-08-28T18:52:42","INBOUND","TCP","192.168.55.126","62340","10.155.162.65","3389","ALLOW","Allow-Standard","55988","970","SRV-REMOTE1",,""
"2025-08-28T19:03:24","INBOUND","TCP","192.168.2.54","673","192.168.220.23","587","ALLOW","Allow-Standard","188868","698","SRV-REMOTE1",,""
"2025-08-28T19:04:01","INBOUND","TCP","10.189.216.234","5525","10.131.45.69","30198","ALLOW","Allow-Standard","14477","359","SRV-REMOTE1",,""
"2025-08-28T19:05:49","OUTBOUND","TCP","172.22.253.119","42283","153.82.113.10","25671","ALLOW","Allow-Standard","80234","117","WIN10LAB",,""
"2025-08-28T19:12:18","OUTBOUND","TCP","172.22.207.167","11558","192.168.159.120","31436","ALLOW","Allow-Standard","46568","233","SRV-REMOTE1",,""
"2025-08-28T19:22:21","INBOUND","TCP","172.27.0.217","13526","172.18.110.31","135","ALLOW","Allow-Standard","155952","1014","WIN10LAB",,""
"2025-08-28T19:24:40","OUTBOUND","TCP","192.168.50.220","44391","172.20.154.162","3778","ALLOW","Allow-Standard","87646","538","SRV-FILE1",,""
"2025-08-28T19:25:25","OUTBOUND","TCP","172.20.145.50","61311","172.20.250.213","26866","BLOCK","Default-Deny","66403","237","SRV-DC1",,"Potential noise or policy match"
"2025-08-28T19:30:25","OUTBOUND","UDP","192.168.29.138","25","192.168.183.249","41857","ALLOW","Allow-Standard","60930","559","SRV-FILE1",,""
"2025-08-28T19:33:50","INBOUND","TCP","10.15.146.181","17469","10.158.8.195","2964","ALLOW","Allow-Standard","15893","171","SRV-REMOTE1",,""
"2025-08-28T19:34:07","INBOUND","UDP","32.7.18.235","40110","192.168.3.11","389","ALLOW","Allow-Standard","179699","148","SRV-WEB1","mgarcia",""
"2025-08-28T19:34:17","INBOUND","TCP","145.46.125.134","95","10.101.17.226","10628","ALLOW","Allow-Standard","33403","1056","SRV-FILE1",,""
"2025-08-28T19:37:15","INBOUND","TCP","192.168.109.11","45936","192.168.149.12","80","ALLOW","Allow-Standard","9610","476","SRV-SQL1",,""
"2025-08-28T19:39:42","INBOUND","UDP","206.51.21.23","65391","192.168.243.216","53","ALLOW","Allow-Standard","91202","821","SRV-FILE1","mgarcia",""
"2025-08-28T19:40:07","OUTBOUND","UDP","192.168.81.43","33371","192.168.29.195","4056","BLOCK","Default-Deny","77558","572","SRV-SIEM1",,"Potential noise or policy match"
"2025-08-28T19:41:17","OUTBOUND","UDP","10.179.151.227","1293","137.11.197.129","723","ALLOW","Allow-Standard","191757","407","SRV-SIEM1","bpatel",""
"2025-08-28T19:41:26","OUTBOUND","UDP","172.27.157.75","25183","73.89.52.68","30800","ALLOW","Allow-Standard","96402","1178","SRV-WEB1",,""
"2025-08-28T19:45:39","OUTBOUND","UDP","172.20.102.37","74","192.168.243.43","14352","ALLOW","Allow-Standard","51732","1168","SRV-REMOTE1",,""
"2025-08-28T19:52:25","INBOUND","UDP","91.144.62.66","13867","192.168.66.140","8080","ALLOW","Allow-Standard","13383","243","SRV-FILE1",,""
"2025-08-28T19:53:15","OUTBOUND","TCP","10.37.184.176","61495","192.168.13.43","9267","ALLOW","Allow-Standard","120596","633","SRV-WEB1",,""
"2025-08-28T19:58:58","OUTBOUND","TCP","10.10.224.172","3547","73.14.122.28","59941","BLOCK","Default-Deny","26606","612","SRV-SQL1",,"Potential noise or policy match"
"2025-08-28T19:59:01","OUTBOUND","UDP","192.168.64.190","110","10.198.241.236","25908","ALLOW","Allow-Standard","80058","528","SRV-SQL1",,""
"2025-08-28T19:59:45","OUTBOUND","UDP","10.191.44.184","8443","10.215.49.228","51896","ALLOW","Allow-Standard","5010","976","WIN10LAB",,""
"2025-08-28T20:00:14","OUTBOUND","TCP","10.57.213.59","448","172.27.77.36","55297","ALLOW","Allow-Standard","73176","13","SRV-SIEM1",,""
"2025-08-28T20:00:42","INBOUND","TCP","204.180.7.227","56214","10.63.214.177","48995","ALLOW","Allow-Standard","34292","945","SRV-WEB1",,""
"2025-08-28T20:05:56","OUTBOUND","UDP","172.16.202.104","34012","154.161.121.252","2912","ALLOW","Allow-Standard","82510","253","SRV-SQL1",,""
"2025-08-28T20:07:37","OUTBOUND","UDP","10.118.4.233","46369","192.168.203.160","37152","ALLOW","Allow-Standard","25757","339","SRV-SQL1",,""
"2025-08-28T20:07:58","OUTBOUND","TCP","10.84.101.113","15124","172.22.56.20","295","BLOCK","Default-Deny","103448","760","SRV-SQL1",,"Potential noise or policy match"
"2025-08-28T20:08:34","OUTBOUND","UDP","192.168.143.72","857","147.160.117.108","957","ALLOW","Allow-Standard","150489","92","SRV-FILE1",,""
"2025-08-28T20:16:58","OUTBOUND","UDP","192.168.107.60","13060","197.254.186.243","44772","BLOCK","Default-Deny","8482","409","WIN10LAB",,"Potential noise or policy match"
"2025-08-28T20:19:56","INBOUND","UDP","57.152.10.225","18611","10.243.245.201","143","BLOCK","Default-Deny","70180","403","SRV-FILE1",,"Potential noise or policy match"
"2025-08-28T20:20:58","OUTBOUND","TCP","192.168.45.64","967","10.48.165.143","841","ALLOW","Allow-Standard","15274","1088","SRV-REMOTE1",,""
"2025-08-28T20:23:30","OUTBOUND","UDP","10.199.202.162","3389","172.21.43.200","10293","ALLOW","Allow-Standard","81563","677","SRV-REMOTE1","svc_sql",""
"2025-08-28T20:27:32","INBOUND","UDP","192.168.16.228","55950","10.142.243.35","135","ALLOW","Allow-Standard","7757","661","SRV-FILE1",,""
"2025-08-28T20:29:08","INBOUND","UDP","10.200.202.217","62810","10.49.130.5","25","ALLOW","Allow-Standard","184739","997","SRV-WEB1","achapman",""
"2025-08-28T20:29:13","INBOUND","TCP","192.168.121.240","8438","10.244.92.72","249","ALLOW","Allow-Standard","192697","753","SRV-WEB1",,""
"2025-08-28T20:30:14","OUTBOUND","TCP","192.168.10.126","46545","192.168.253.214","13528","ALLOW","Allow-Standard","20666","157","SRV-FILE1","tnguyen",""
"2025-08-28T20:37:44","OUTBOUND","TCP","192.168.68.41","48827","43.158.211.144","12823","BLOCK","Default-Deny","175229","921","SRV-WEB1",,"Potential noise or policy match"
"2025-08-28T20:47:07","INBOUND","UDP","10.150.249.98","10830","172.29.111.109","22","BLOCK","Default-Deny","79713","216","SRV-DC1",,"Potential noise or policy match"
"2025-08-28T20:49:36","INBOUND","TCP","47.100.119.170","42676","172.25.64.148","53","ALLOW","Allow-Standard","108366","1054","SRV-FILE1",,""
"2025-08-28T20:49:43","INBOUND","TCP","10.193.217.238","216","172.27.107.10","23","BLOCK","Default-Deny","113758","987","SRV-WEB1",,"Potential noise or policy match"
"2025-08-28T20:55:29","INBOUND","UDP","10.56.13.165","37010","10.220.253.250","55026","ALLOW","Allow-Standard","149719","1021","SRV-WEB1",,""
"2025-08-28T20:57:59","OUTBOUND","TCP","192.168.88.32","63563","10.87.216.133","61867","ALLOW","Allow-Standard","116128","1028","SRV-SQL1","bpatel",""
"2025-08-28T20:59:29","OUTBOUND","TCP","10.149.112.134","49586","98.240.11.27","58200","ALLOW","Allow-Standard","129375","119","SRV-FILE1",,""
"2025-08-28T21:02:14","INBOUND","UDP","192.168.6.46","1429","10.93.148.197","57155","ALLOW","Allow-Standard","144053","93","SRV-DC1",,""
"2025-08-28T21:05:00","INBOUND","UDP","192.168.200.166","61664","172.23.118.96","53","BLOCK","Default-Deny","28102","810","SRV-SIEM1",,"Potential noise or policy match"
"2025-08-28T21:09:38","INBOUND","TCP","192.168.83.237","63764","192.168.31.117","34665","BLOCK","Default-Deny","123989","582","SRV-DC1","svc_web","Potential noise or policy match"
"2025-08-28T21:10:02","OUTBOUND","TCP","192.168.71.175","13248","172.26.121.162","28369","ALLOW","Allow-Standard","59683","66","SRV-DC1",,""
"2025-08-28T21:16:52","INBOUND","TCP","172.28.51.251","62875","10.66.202.58","139","ALLOW","Allow-Standard","38660","952","WIN10LAB",,""
"2025-08-28T21:22:00","OUTBOUND","TCP","172.18.111.229","948","10.156.38.132","35147","ALLOW","Allow-Standard","146807","1054","SRV-SIEM1",,""
"2025-08-28T21:22:37","OUTBOUND","UDP","192.168.154.45","55250","192.168.43.173","24500","ALLOW","Allow-Standard","15850","1073","SRV-REMOTE1",,""
"2025-08-28T21:29:33","INBOUND","TCP","172.21.226.80","485","10.19.222.170","1659","ALLOW","Allow-Standard","56144","869","SRV-REMOTE1",,""
"2025-08-28T21:32:19","INBOUND","UDP","99.129.58.162","23842","172.23.151.16","135","ALLOW","Allow-Standard","159279","794","SRV-WEB1",,""
"2025-08-28T21:33:09","OUTBOUND","UDP","10.141.115.87","55232","135.43.89.41","20313","ALLOW","Allow-Standard","4235","801","SRV-SIEM1",,""
"2025-08-28T21:36:43","INBOUND","UDP","192.168.57.3","28948","192.168.222.3","43908","ALLOW","Allow-Standard","161477","25","SRV-DC1",,""
"2025-08-28T21:40:59","INBOUND","UDP","192.168.15.137","14439","192.168.119.253","23","ALLOW","Allow-Standard","175027","223","SRV-FILE1",,""
"2025-08-28T21:42:35","INBOUND","TCP","192.168.245.32","870","172.26.18.73","443","ALLOW","Allow-Standard","80544","993","SRV-SQL1","jsmith",""
"2025-08-28T21:43:10","OUTBOUND","TCP","192.168.138.67","456","192.168.209.230","28484","ALLOW","Allow-Standard","6761","1120","SRV-SQL1",,""
"2025-08-28T21:45:34","OUTBOUND","TCP","10.2.211.40","22","10.197.28.136","41137","ALLOW","Allow-Standard","120662","485","SRV-DC1",,""
"2025-08-28T21:47:27","INBOUND","TCP","87.33.87.131","17124","10.5.204.55","8443","ALLOW","Allow-Standard","72842","1102","SRV-REMOTE1",,""
"2025-08-28T21:47:39","OUTBOUND","TCP","172.28.146.37","44082","160.46.55.227","40638","ALLOW","Allow-Standard","189289","851","WIN10LAB",,""
"2025-08-28T21:47:45","INBOUND","TCP","10.243.141.219","41720","192.168.123.177","110","ALLOW","Allow-Standard","35068","1183","WIN10LAB",,""
"2025-08-28T21:51:47","OUTBOUND","UDP","192.168.56.207","8539","192.168.225.252","41538","ALLOW","Allow-Standard","123193","408","SRV-FILE1",,""
"2025-08-28T21:51:55","OUTBOUND","UDP","10.239.220.140","2218","78.42.146.200","4273","BLOCK","Default-Deny","60200","108","SRV-SQL1",,"Potential noise or policy match"
"2025-08-28T22:01:50","INBOUND","UDP","192.168.62.73","59101","10.206.29.92","23041","ALLOW","Allow-Standard","72063","522","SRV-FILE1",,""
"2025-08-28T22:02:02","OUTBOUND","UDP","10.95.180.35","3389","141.69.93.244","27137","BLOCK","Default-Deny","132759","64","SRV-SQL1",,"Potential noise or policy match"
"2025-08-28T22:04:32","INBOUND","TCP","99.225.215.63","12265","172.16.101.115","50607","ALLOW","Allow-Standard","149825","994","SRV-DC1",,""
"2025-08-28T22:05:00","INBOUND","TCP","192.168.35.131","282","172.21.133.213","110","ALLOW","Allow-Standard","33049","170","WIN10LAB",,""
"2025-08-28T22:12:20","INBOUND","UDP","172.23.155.141","60061","192.168.133.147","56942","ALLOW","Allow-Standard","136014","1162","WIN10LAB",,""
"2025-08-28T22:13:41","INBOUND","UDP","159.178.56.241","47220","172.22.188.244","389","ALLOW","Allow-Standard","170265","283","SRV-DC1","kparker",""
"2025-08-28T22:18:40","OUTBOUND","TCP","172.20.19.169","80","192.168.144.141","31868","ALLOW","Allow-Standard","78446","321","SRV-FILE1",,""
"2025-08-28T22:21:30","OUTBOUND","TCP","192.168.198.38","769","192.168.31.211","60113","ALLOW","Allow-Standard","8126","945","SRV-SIEM1",,""
"2025-08-28T22:23:37","OUTBOUND","UDP","172.26.40.42","8080","10.246.117.97","6474","ALLOW","Allow-Standard","105020","222","SRV-FILE1","bpatel",""
"2025-08-28T22:26:43","INBOUND","TCP","220.27.197.78","24246","10.143.32.223","43600","ALLOW","Allow-Standard","105675","835","SRV-DC1",,""
"2025-08-28T22:28:36","INBOUND","TCP","10.170.20.103","41723","172.22.84.85","60863","ALLOW","Allow-Standard","91894","825","SRV-DC1",,""
"2025-08-28T22:34:09","INBOUND","TCP","10.136.249.200","10273","172.21.196.96","44889","ALLOW","Allow-Standard","85754","716","SRV-SQL1",,""
"2025-08-28T22:34:16","OUTBOUND","TCP","10.159.135.242","26138","172.18.110.51","55652","ALLOW","Allow-Standard","132610","770","SRV-DC1",,""
"2025-08-28T22:37:44","INBOUND","TCP","34.250.37.31","60004","172.28.230.58","389","ALLOW","Allow-Standard","121292","949","SRV-WEB1",,""
"2025-08-28T22:47:16","INBOUND","UDP","10.57.247.54","21728","192.168.118.163","9197","BLOCK","Default-Deny","89283","110","SRV-REMOTE1",,"Potential noise or policy match"
"2025-08-28T22:47:18","OUTBOUND","TCP","192.168.169.121","389","10.79.167.58","53723","BLOCK","Default-Deny","129828","966","SRV-REMOTE1",,"Potential noise or policy match"
"2025-08-28T22:49:33","OUTBOUND","UDP","10.53.92.91","45352","10.189.141.122","582","ALLOW","Allow-Standard","13728","840","SRV-SIEM1",,""
"2025-08-28T22:50:27","OUTBOUND","UDP","192.168.251.45","15560","180.121.178.115","626","ALLOW","Allow-Standard","79825","1111","SRV-REMOTE1",,""
"2025-08-28T22:51:34","OUTBOUND","UDP","10.47.205.41","8443","217.44.88.1","6103","ALLOW","Allow-Standard","177966","420","WIN10LAB",,""
"2025-08-28T22:51:55","INBOUND","TCP","192.168.185.252","12944","172.24.114.157","237","ALLOW","Allow-Standard","129681","853","SRV-WEB1",,""
"2025-08-28T22:52:11","OUTBOUND","UDP","10.86.191.14","43812","147.10.78.90","25344","BLOCK","Default-Deny","84980","22","SRV-DC1",,"Potential noise or policy match"
"2025-08-28T22:52:54","OUTBOUND","UDP","10.241.38.127","28530","172.23.141.211","824","ALLOW","Allow-Standard","125951","371","SRV-REMOTE1",,""
"2025-08-28T22:57:41","OUTBOUND","TCP","192.168.194.219","5344","192.168.145.216","914","ALLOW","Allow-Standard","31324","253","SRV-DC1","svc_sql",""
"2025-08-28T23:06:07","INBOUND","TCP","122.171.252.219","2335","192.168.165.27","38653","ALLOW","Allow-Standard","36956","123","SRV-SQL1","svc_sql",""
"2025-08-28T23:12:22","OUTBOUND","TCP","10.124.93.96","110","192.168.240.106","777","ALLOW","Allow-Standard","33678","11","SRV-REMOTE1",,""
"2025-08-28T23:13:22","INBOUND","UDP","10.3.70.153","4142","172.23.220.217","389","ALLOW","Allow-Standard","22223","421","SRV-REMOTE1",,""
"2025-08-28T23:13:55","INBOUND","TCP","172.30.166.111","26198","10.95.7.123","16689","ALLOW","Allow-Standard","153144","810","SRV-REMOTE1","svc_web",""
"2025-08-28T23:14:51","OUTBOUND","TCP","192.168.185.39","22021","168.30.78.50","25158","ALLOW","Allow-Standard","190883","10","SRV-SIEM1",,""
"2025-08-28T23:15:26","OUTBOUND","UDP","172.19.28.58","3389","50.5.146.169","59844","ALLOW","Allow-Standard","160690","1141","SRV-DC1","tnguyen",""
"2025-08-28T23:19:24","INBOUND","UDP","216.11.9.234","42558","10.249.239.217","40273","ALLOW","Allow-Standard","158298","332","SRV-REMOTE1",,""
"2025-08-28T23:27:10","OUTBOUND","UDP","10.226.184.99","48790","214.84.43.27","9082","ALLOW","Allow-Standard","59026","705","WIN10LAB",,""
"2025-08-28T23:27:21","OUTBOUND","UDP","192.168.8.127","59723","172.24.176.236","43089","ALLOW","Allow-Standard","77243","486","SRV-WEB1",,""
"2025-08-28T23:27:28","INBOUND","UDP","10.219.138.100","48","10.175.202.20","80","ALLOW","Allow-Standard","52905","876","WIN10LAB","svc_web",""
"2025-08-28T23:38:15","OUTBOUND","TCP","10.185.127.80","50308","201.243.91.211","46025","ALLOW","Allow-Standard","48910","1174","SRV-REMOTE1",,""
"2025-08-28T23:41:53","INBOUND","TCP","172.31.231.95","56444","172.29.67.148","22","ALLOW","Allow-Standard","9824","631","SRV-SIEM1",,""
"2025-08-28T23:48:57","INBOUND","UDP","172.21.5.137","14157","172.31.189.203","29955","ALLOW","Allow-Standard","66133","444","SRV-WEB1",,""
"2025-08-28T23:49:42","OUTBOUND","UDP","10.41.8.221","18058","192.168.178.184","27588","BLOCK","Default-Deny","95964","337","SRV-FILE1",,"Potential noise or policy match"
"2025-08-28T23:50:17","INBOUND","UDP","172.22.183.167","40868","172.21.170.203","38398","ALLOW","Allow-Standard","62856","782","SRV-SIEM1",,""
"2025-08-28T23:52:10","INBOUND","TCP","172.26.56.27","647","192.168.237.29","57163","BLOCK","Default-Deny","159083","656","SRV-REMOTE1",,"Potential noise or policy match"
"2025-08-28T23:54:24","OUTBOUND","UDP","172.18.244.86","56703","172.22.111.211","6265","ALLOW","Allow-Standard","151824","784","WIN10LAB",,""
"2025-08-28T23:56:32","INBOUND","UDP","172.16.201.138","8683","172.18.28.7","29946","ALLOW","Allow-Standard","64722","162","SRV-SIEM1",,""
"2025-08-28T23:56:54","INBOUND","UDP","172.24.248.68","565","10.46.83.46","14680","ALLOW","Allow-Standard","171878","712","SRV-SQL1",,""
"2025-08-28T23:57:04","INBOUND","UDP","2.134.217.27","27761","192.168.249.158","35036","BLOCK","Default-Deny","43664","1170","SRV-DC1",,"Potential noise or policy match"
"2025-08-28T23:57:08","OUTBOUND","TCP","192.168.22.79","38002","192.168.184.224","41572","ALLOW","Allow-Standard","131518","756","SRV-WEB1","mgarcia",""
"2025-08-28T23:57:41","OUTBOUND","TCP","10.152.37.60","57706","10.147.128.91","2573","BLOCK","Default-Deny","49893","1180","SRV-SQL1","svc_web","Potential noise or policy match"
"2025-08-28T23:59:38","INBOUND","TCP","10.7.67.9","36316","10.115.224.215","42833","BLOCK","Default-Deny","176904","117","SRV-SIEM1",,"Potential noise or policy match"
"2025-08-29T00:00:56","INBOUND","UDP","172.27.6.207","42561","10.33.223.222","20637","ALLOW","Allow-Standard","131813","602","WIN10LAB",,""
"2025-08-29T00:01:34","INBOUND","UDP","10.172.149.22","40401","10.16.139.219","389","ALLOW","Allow-Standard","195831","843","SRV-SQL1",,""
"2025-08-29T00:01:52","INBOUND","TCP","3.100.177.251","65041","10.129.112.172","46894","ALLOW","Allow-Standard","64792","413","SRV-SQL1",,""
"2025-08-29T00:05:16","INBOUND","TCP","59.29.153.2","63394","192.168.81.239","18749","ALLOW","Allow-Standard","8914","169","SRV-REMOTE1",,""
"2025-08-29T00:05:20","INBOUND","UDP","192.168.117.23","87","172.29.36.211","15774","ALLOW","Allow-Standard","111165","375","SRV-WEB1",,""
"2025-08-29T00:08:07","INBOUND","TCP","192.168.126.139","4444","10.45.40.218","80","BLOCK","Default-Deny","170473","1102","SRV-WEB1","tnguyen","Potential noise or policy match"
"2025-08-29T00:08:39","OUTBOUND","TCP","10.164.129.86","26322","10.32.44.5","9242","ALLOW","Allow-Standard","65913","804","SRV-SIEM1",,""
"2025-08-29T00:11:05","INBOUND","UDP","192.168.7.87","333","192.168.213.138","135","ALLOW","Allow-Standard","144929","457","WIN10LAB","svc_sql",""
"2025-08-29T00:11:09","OUTBOUND","TCP","172.19.254.1","48058","166.106.45.209","4385","ALLOW","Allow-Standard","44573","773","SRV-FILE1",,""
"2025-08-29T00:11:25","INBOUND","UDP","10.113.142.78","47296","192.168.146.188","3389","BLOCK","Default-Deny","88876","736","SRV-WEB1",,"Potential noise or policy match"
"2025-08-29T00:12:09","OUTBOUND","UDP","192.168.208.217","80","10.162.234.103","14251","ALLOW","Allow-Standard","89247","1040","SRV-FILE1",,""
"2025-08-29T00:16:23","INBOUND","TCP","192.168.184.35","39417","10.210.196.58","143","ALLOW","Allow-Standard","154095","176","WIN10LAB",,""
"2025-08-29T00:17:06","OUTBOUND","UDP","10.124.97.122","22","172.16.212.248","747","ALLOW","Allow-Standard","171785","154","SRV-WEB1",,""
"2025-08-29T00:17:58","INBOUND","TCP","10.82.6.97","3451","172.21.128.179","139","ALLOW","Allow-Standard","168005","313","SRV-SQL1","svc_web",""
"2025-08-29T00:19:55","INBOUND","UDP","172.18.24.2","64788","10.190.253.168","18319","BLOCK","Default-Deny","103025","1100","SRV-SIEM1",,"Potential noise or policy match"
"2025-08-29T00:20:36","INBOUND","UDP","78.184.241.215","39423","172.31.198.223","37767","ALLOW","Allow-Standard","165309","134","SRV-DC1",,""
"2025-08-29T00:23:42","INBOUND","TCP","10.12.71.228","20534","10.106.111.121","34922","ALLOW","Allow-Standard","78728","561","SRV-REMOTE1",,""
"2025-08-29T00:24:20","OUTBOUND","TCP","10.156.56.237","2868","196.235.227.81","14894","ALLOW","Allow-Standard","171520","1021","SRV-FILE1",,""
"2025-08-29T00:30:39","INBOUND","UDP","105.65.10.93","32799","172.24.11.71","389","ALLOW","Allow-Standard","91913","434","SRV-WEB1",,""
"2025-08-29T00:31:03","OUTBOUND","TCP","172.21.98.203","522","192.168.88.230","13505","ALLOW","Allow-Standard","92574","114","SRV-WEB1",,""
"2025-08-29T00:32:04","OUTBOUND","TCP","172.29.95.86","135","172.17.42.173","2682","ALLOW","Allow-Standard","156117","1180","SRV-FILE1",,""
"2025-08-29T00:36:37","OUTBOUND","UDP","10.216.141.83","996","172.31.222.249","64139","BLOCK","Default-Deny","190234","579","SRV-SQL1",,"Potential noise or policy match"
"2025-08-29T00:37:36","OUTBOUND","TCP","10.56.108.80","53","125.190.9.51","37333","ALLOW","Allow-Standard","71313","941","SRV-REMOTE1",,""
"2025-08-29T00:42:08","OUTBOUND","TCP","192.168.201.99","31599","172.26.220.99","12929","ALLOW","Allow-Standard","20069","988","SRV-WEB1",,""
"2025-08-29T00:42:08","OUTBOUND","TCP","10.34.150.27","52445","192.168.181.198","11092","ALLOW","Allow-Standard","1709","832","SRV-FILE1",,""
"2025-08-29T00:45:00","INBOUND","UDP","10.78.136.27","21765","172.19.132.24","25","ALLOW","Allow-Standard","18977","1108","WIN10LAB","svc_web",""
"2025-08-29T00:45:27","INBOUND","UDP","192.168.1.2","352","10.103.217.126","8080","ALLOW","Allow-Standard","105428","14","WIN10LAB",,""
"2025-08-29T00:50:09","INBOUND","UDP","154.209.131.140","38111","172.16.200.162","21600","ALLOW","Allow-Standard","20555","216","WIN10LAB",,""
"2025-08-29T00:51:44","INBOUND","TCP","157.74.113.63","29493","10.241.21.179","139","ALLOW","Allow-Standard","97340","625","SRV-WEB1",,""
"2025-08-29T00:55:40","OUTBOUND","TCP","192.168.14.111","24226","192.168.70.95","3316","ALLOW","Allow-Standard","122892","1138","SRV-FILE1",,""
"2025-08-29T00:56:14","INBOUND","UDP","202.167.1.111","17402","10.104.248.99","80","ALLOW","Allow-Standard","25017","38","WIN10LAB",,""
"2025-08-29T00:58:30","OUTBOUND","UDP","10.130.159.68","782","172.31.179.172","17251","ALLOW","Allow-Standard","193158","103","SRV-SIEM1",,""
"2025-08-29T01:02:26","INBOUND","UDP","172.31.138.168","16346","192.168.65.242","143","ALLOW","Allow-Standard","61531","196","SRV-WEB1",,""
"2025-08-29T01:03:05","OUTBOUND","TCP","10.49.166.32","15877","192.168.133.175","57676","ALLOW","Allow-Standard","93084","708","SRV-WEB1",,""
"2025-08-29T01:04:20","OUTBOUND","TCP","192.168.210.132","53","10.60.253.249","2270","ALLOW","Allow-Standard","81704","299","SRV-WEB1",,""
"2025-08-29T01:07:03","OUTBOUND","TCP","192.168.183.30","53","158.159.15.60","25946","ALLOW","Allow-Standard","129791","46","WIN10LAB",,""
"2025-08-29T01:14:31","OUTBOUND","TCP","192.168.188.90","732","192.168.240.182","978","ALLOW","Allow-Standard","22896","937","SRV-REMOTE1",,""
"2025-08-29T01:15:23","INBOUND","TCP","111.72.68.219","30413","10.107.144.87","57532","ALLOW","Allow-Standard","177157","303","SRV-FILE1",,""
"2025-08-29T01:16:04","OUTBOUND","TCP","10.97.118.242","47458","187.140.113.49","10824","ALLOW","Allow-Standard","167592","1080","SRV-REMOTE1",,""
"2025-08-29T01:20:12","INBOUND","UDP","10.219.214.128","10884","192.168.243.17","43914","ALLOW","Allow-Standard","174709","784","SRV-SQL1",,""
"2025-08-29T01:23:35","INBOUND","TCP","10.193.188.180","52737","172.22.65.16","63357","ALLOW","Allow-Standard","17120","148","SRV-WEB1","hlee",""
"2025-08-29T01:25:58","INBOUND","TCP","192.168.239.120","24428","172.21.99.212","80","ALLOW","Allow-Standard","152579","141","SRV-REMOTE1",,""
"2025-08-29T01:26:52","INBOUND","TCP","212.179.107.203","41447","172.19.71.188","812","ALLOW","Allow-Standard","91054","443","SRV-SIEM1",,""
"2025-08-29T01:27:49","OUTBOUND","UDP","10.145.240.95","46723","172.23.219.30","20932","ALLOW","Allow-Standard","86418","969","SRV-REMOTE1",,""
"2025-08-29T01:30:12","OUTBOUND","UDP","10.37.66.189","23","65.187.107.39","17890","ALLOW","Allow-Standard","10748","33","SRV-FILE1",,""
"2025-08-29T01:30:25","INBOUND","TCP","192.168.63.122","37703","192.168.238.168","8080","BLOCK","Default-Deny","39697","264","SRV-WEB1","jsmith","Potential noise or policy match"
"2025-08-29T01:34:58","OUTBOUND","TCP","10.251.106.50","3021","53.57.253.6","63357","ALLOW","Allow-Standard","148887","565","SRV-SIEM1",,""
"2025-08-29T01:39:21","INBOUND","UDP","172.18.126.222","3314","10.120.155.234","22","ALLOW","Allow-Standard","77645","122","SRV-WEB1",,""
"2025-08-29T01:39:26","INBOUND","UDP","192.168.80.210","62813","192.168.114.181","587","ALLOW","Allow-Standard","47869","117","SRV-SQL1",,""
"2025-08-29T01:40:23","OUTBOUND","UDP","10.61.220.249","60975","172.25.245.20","59377","ALLOW","Allow-Standard","151039","210","SRV-DC1",,""
"2025-08-29T01:45:31","OUTBOUND","UDP","10.225.193.170","55978","85.224.141.26","15809","BLOCK","Default-Deny","52715","360","SRV-SIEM1",,"Potential noise or policy match"
"2025-08-29T01:47:37","OUTBOUND","TCP","10.94.97.241","323","172.17.198.136","752","ALLOW","Allow-Standard","34599","355","SRV-SQL1","bpatel",""
"2025-08-29T01:48:09","INBOUND","TCP","192.168.188.129","50914","172.16.234.104","443","ALLOW","Allow-Standard","185968","1157","SRV-REMOTE1",,""
"2025-08-29T01:49:49","OUTBOUND","TCP","172.20.129.78","23073","10.252.92.6","31420","ALLOW","Allow-Standard","6180","1039","SRV-WEB1",,""
"2025-08-29T01:54:32","INBOUND","UDP","10.67.102.140","885","192.168.9.104","50012","ALLOW","Allow-Standard","139984","156","SRV-SIEM1",,""
"2025-08-29T01:56:03","INBOUND","TCP","113.9.42.39","734","172.28.212.155","8080","ALLOW","Allow-Standard","188915","164","SRV-SIEM1",,""
"2025-08-29T01:57:35","INBOUND","TCP","12.230.131.44","801","172.23.46.84","19628","ALLOW","Allow-Standard","101242","303","SRV-DC1",,""
"2025-08-29T01:57:54","OUTBOUND","UDP","192.168.183.233","88","172.28.235.241","63908","ALLOW","Allow-Standard","7115","234","SRV-DC1",,""
"2025-08-29T01:58:50","OUTBOUND","UDP","10.40.55.219","15834","172.20.73.55","3211","ALLOW","Allow-Standard","105283","988","SRV-FILE1",,""
"2025-08-29T02:02:57","OUTBOUND","TCP","192.168.91.134","9923","10.68.208.90","58201","ALLOW","Allow-Standard","60000","198","SRV-WEB1",,""
"2025-08-29T02:07:46","INBOUND","TCP","172.23.72.203","36630","192.168.56.32","587","ALLOW","Allow-Standard","195575","1140","SRV-FILE1","svc_web",""
"2025-08-29T02:07:58","OUTBOUND","UDP","192.168.250.174","65389","167.49.130.186","35114","ALLOW","Allow-Standard","34406","516","SRV-REMOTE1",,""
"2025-08-29T02:09:03","OUTBOUND","UDP","10.182.74.15","10396","172.29.129.155","6347","ALLOW","Allow-Standard","146980","25","SRV-SIEM1",,""
"2025-08-29T02:12:51","INBOUND","TCP","10.243.150.137","62290","192.168.84.207","25","BLOCK","Default-Deny","130401","570","SRV-SQL1",,"Potential noise or policy match"
"2025-08-29T02:13:49","INBOUND","UDP","172.24.135.97","31440","172.25.228.52","6850","ALLOW","Allow-Standard","103852","372","SRV-FILE1",,""
"2025-08-29T02:14:21","INBOUND","UDP","172.19.116.232","770","10.51.107.224","61697","ALLOW","Allow-Standard","121490","525","SRV-WEB1",,""
"2025-08-29T02:17:19","INBOUND","TCP","149.117.10.26","12302","10.226.104.10","6623","BLOCK","Default-Deny","48811","498","SRV-WEB1",,"Potential noise or policy match"
"2025-08-29T02:18:16","OUTBOUND","TCP","172.23.13.165","49297","16.130.11.60","25002","ALLOW","Allow-Standard","171738","800","SRV-DC1",,""
"2025-08-29T02:20:33","OUTBOUND","UDP","10.144.198.196","445","189.254.254.216","51487","BLOCK","Default-Deny","155799","614","SRV-DC1",,"Potential noise or policy match"
"2025-08-29T02:20:46","INBOUND","UDP","58.6.239.204","63518","192.168.153.125","110","ALLOW","Allow-Standard","43463","838","SRV-REMOTE1",,""
"2025-08-29T02:22:32","INBOUND","UDP","172.22.44.230","62006","10.107.120.58","443","ALLOW","Allow-Standard","156000","961","SRV-DC1",,""
"2025-08-29T02:24:28","OUTBOUND","TCP","192.168.110.202","9916","117.205.71.1","40989","BLOCK","Default-Deny","83380","674","SRV-FILE1",,"Potential noise or policy match"
"2025-08-29T02:28:10","INBOUND","UDP","10.111.122.150","40810","10.180.143.34","587","ALLOW","Allow-Standard","7853","1076","SRV-SIEM1",,""
"2025-08-29T02:29:46","INBOUND","TCP","10.58.202.54","45534","10.231.24.251","59888","ALLOW","Allow-Standard","118109","653","SRV-DC1",,""
"2025-08-29T02:33:57","OUTBOUND","UDP","10.205.245.139","62828","10.131.97.46","32198","BLOCK","Default-Deny","37783","772","SRV-FILE1",,"Potential noise or policy match"
"2025-08-29T02:39:47","INBOUND","TCP","40.219.16.123","41065","172.26.247.20","25","ALLOW","Allow-Standard","124761","1094","SRV-WEB1",,""
"2025-08-29T02:41:50","OUTBOUND","TCP","10.51.22.3","445","174.63.29.9","13697","BLOCK","Default-Deny","184726","954","SRV-WEB1",,"Potential noise or policy match"
"2025-08-29T02:46:00","OUTBOUND","TCP","10.72.236.128","15322","10.199.48.247","41867","ALLOW","Allow-Standard","89744","274","SRV-DC1",,""
"2025-08-29T02:46:01","INBOUND","UDP","115.15.189.32","54631","172.28.219.81","240","BLOCK","Default-Deny","89379","272","SRV-DC1",,"Potential noise or policy match"
"2025-08-29T02:46:25","OUTBOUND","UDP","10.12.129.143","5200","37.114.231.182","26837","ALLOW","Allow-Standard","62555","570","SRV-WEB1",,""
"2025-08-29T02:47:03","INBOUND","TCP","192.168.167.170","49506","172.23.237.221","8443","ALLOW","Allow-Standard","125397","175","WIN10LAB",,""
"2025-08-29T02:50:49","OUTBOUND","TCP","192.168.80.94","5072","98.200.233.77","17468","ALLOW","Allow-Standard","185997","291","WIN10LAB",,""
"2025-08-29T02:52:41","INBOUND","UDP","172.28.11.215","31357","172.30.56.47","61324","BLOCK","Default-Deny","148830","461","SRV-WEB1","achapman","Potential noise or policy match"
"2025-08-29T02:53:28","INBOUND","UDP","10.128.63.161","15397","172.21.243.190","143","ALLOW","Allow-Standard","36359","561","SRV-SIEM1","kparker",""
"2025-08-29T02:55:44","INBOUND","TCP","96.227.196.80","59233","10.238.118.20","3389","ALLOW","Allow-Standard","167106","670","SRV-WEB1",,""
"2025-08-29T02:59:12","OUTBOUND","TCP","192.168.72.215","20172","172.29.97.94","33362","BLOCK","Default-Deny","32742","25","SRV-FILE1",,"Potential noise or policy match"
"2025-08-29T03:00:53","INBOUND","TCP","101.155.121.221","448","172.28.187.22","143","ALLOW","Allow-Standard","49310","3","SRV-REMOTE1",,""
"2025-08-29T03:03:05","OUTBOUND","UDP","172.27.68.111","42803","10.105.253.151","47690","ALLOW","Allow-Standard","51154","448","SRV-SQL1","svc_sql",""
"2025-08-29T03:07:05","INBOUND","TCP","172.17.209.30","52993","172.24.90.200","1005","ALLOW","Allow-Standard","172956","402","SRV-SIEM1",,""
"2025-08-29T03:08:21","OUTBOUND","UDP","192.168.243.80","22","206.85.27.236","39721","ALLOW","Allow-Standard","172337","37","WIN10LAB",,""
"2025-08-29T03:10:24","OUTBOUND","TCP","10.230.242.204","16452","172.23.218.169","62233","ALLOW","Allow-Standard","179201","472","SRV-SIEM1",,""
"2025-08-29T03:11:28","OUTBOUND","TCP","192.168.60.9","62165","192.168.159.95","6208","BLOCK","Default-Deny","16305","1153","SRV-REMOTE1",,"Potential noise or policy match"
"2025-08-29T03:11:38","OUTBOUND","TCP","172.17.40.111","9858","217.249.16.64","37683","ALLOW","Allow-Standard","27648","591","SRV-REMOTE1",,""
"2025-08-29T03:13:36","OUTBOUND","TCP","172.20.57.28","37917","192.168.9.252","35883","ALLOW","Allow-Standard","44588","1098","SRV-DC1",,""
"2025-08-29T03:16:08","INBOUND","TCP","172.31.201.18","64144","172.24.212.152","143","ALLOW","Allow-Standard","152313","480","SRV-SIEM1","jsmith",""
"2025-08-29T03:16:20","OUTBOUND","UDP","172.31.231.126","58181","52.4.234.21","13989","ALLOW","Allow-Standard","194924","59","SRV-SQL1","bpatel",""
"2025-08-29T03:19:20","OUTBOUND","UDP","172.20.201.122","974","192.168.119.159","742","ALLOW","Allow-Standard","38841","8","WIN10LAB",,""
"2025-08-29T03:20:25","OUTBOUND","UDP","172.23.20.103","12019","92.18.254.113","34042","ALLOW","Allow-Standard","76629","407","SRV-WEB1",,""
"2025-08-29T03:22:33","OUTBOUND","TCP","10.13.67.211","110","66.71.50.183","12923","BLOCK","Default-Deny","130231","250","SRV-DC1",,"Potential noise or policy match"
"2025-08-29T03:27:15","INBOUND","UDP","104.202.54.221","235","10.109.207.252","143","ALLOW","Allow-Standard","37209","1178","SRV-SQL1",,""
"2025-08-29T03:30:24","INBOUND","UDP","10.136.168.78","35403","192.168.249.43","54010","ALLOW","Allow-Standard","149629","124","WIN10LAB",,""
"2025-08-29T03:32:16","OUTBOUND","TCP","172.23.227.160","30053","192.168.196.209","21704","ALLOW","Allow-Standard","156633","987","WIN10LAB",,""
"2025-08-29T03:35:54","OUTBOUND","TCP","192.168.196.23","443","10.193.143.42","15369","ALLOW","Allow-Standard","88984","213","SRV-WEB1",,""
"2025-08-29T03:39:40","OUTBOUND","UDP","10.53.155.19","28661","172.22.30.250","33935","ALLOW","Allow-Standard","33986","1065","WIN10LAB",,""
"2025-08-29T03:42:19","OUTBOUND","TCP","192.168.75.121","38000","10.65.189.100","14116","ALLOW","Allow-Standard","199700","270","SRV-WEB1",,""
"2025-08-29T03:42:33","INBOUND","TCP","192.168.113.187","21159","172.17.153.61","51344","ALLOW","Allow-Standard","68933","1039","SRV-FILE1",,""
"2025-08-29T03:44:17","INBOUND","UDP","172.21.90.46","23935","172.26.9.227","80","ALLOW","Allow-Standard","2138","958","SRV-DC1",,""
"2025-08-29T03:44:25","OUTBOUND","UDP","172.23.166.93","29681","35.14.205.137","20099","ALLOW","Allow-Standard","83676","681","SRV-SQL1",,""
"2025-08-29T03:48:42","OUTBOUND","TCP","10.136.162.194","35404","10.197.218.236","21610","ALLOW","Allow-Standard","152430","533","SRV-DC1",,""
"2025-08-29T03:49:21","INBOUND","UDP","30.52.177.36","32602","172.31.68.185","8080","ALLOW","Allow-Standard","80755","67","SRV-FILE1",,""
"2025-08-29T03:51:18","INBOUND","UDP","192.168.231.204","4669","10.244.24.247","993","ALLOW","Allow-Standard","93058","591","SRV-REMOTE1",,""
"2025-08-29T03:52:00","OUTBOUND","TCP","172.18.73.185","389","192.168.44.143","12962","ALLOW","Allow-Standard","613","444","WIN10LAB",,""
"2025-08-29T03:59:18","OUTBOUND","TCP","192.168.125.191","445","4.127.248.69","23274","ALLOW","Allow-Standard","134864","817","SRV-WEB1",,""
"2025-08-29T03:59:52","OUTBOUND","TCP","10.206.191.69","2632","172.27.216.225","4109","BLOCK","Default-Deny","22570","130","SRV-WEB1",,"Potential noise or policy match"
"2025-08-29T04:00:06","INBOUND","TCP","98.13.56.47","59584","10.32.59.85","42324","BLOCK","Default-Deny","138657","244","WIN10LAB",,"Potential noise or policy match"
"2025-08-29T04:01:45","INBOUND","UDP","92.117.27.229","18312","10.126.219.110","8080","ALLOW","Allow-Standard","40891","766","SRV-DC1",,""
"2025-08-29T04:06:23","OUTBOUND","UDP","10.236.85.221","308","192.168.16.142","976","ALLOW","Allow-Standard","161276","925","WIN10LAB",,""
"2025-08-29T04:07:39","OUTBOUND","TCP","192.168.11.51","34440","172.17.244.119","24454","ALLOW","Allow-Standard","124154","57","SRV-SQL1",,""
"2025-08-29T04:09:07","OUTBOUND","TCP","192.168.62.20","60121","10.209.144.21","15551","ALLOW","Allow-Standard","156261","569","SRV-REMOTE1",,""
"2025-08-29T04:10:22","OUTBOUND","UDP","10.140.164.46","63044","172.20.6.82","23510","BLOCK","Default-Deny","97255","149","SRV-FILE1",,"Potential noise or policy match"
"2025-08-29T04:10:24","OUTBOUND","TCP","10.125.196.237","2036","192.168.124.133","8904","BLOCK","Default-Deny","184886","877","SRV-SQL1",,"Potential noise or policy match"
"2025-08-29T04:10:48","OUTBOUND","TCP","192.168.116.241","20026","192.168.212.116","22025","BLOCK","Default-Deny","97124","628","SRV-DC1",,"Potential noise or policy match"
"2025-08-29T04:10:51","INBOUND","TCP","10.108.158.28","35771","172.28.145.139","45142","BLOCK","Default-Deny","68344","1118","SRV-DC1",,"Potential noise or policy match"
"2025-08-29T04:11:38","INBOUND","UDP","119.116.180.79","20051","10.243.182.141","22","ALLOW","Allow-Standard","145490","699","WIN10LAB",,""
"2025-08-29T04:17:09","INBOUND","TCP","192.168.102.244","23559","10.21.172.118","35517","BLOCK","Default-Deny","69658","650","SRV-SIEM1",,"Potential noise or policy match"
"2025-08-29T04:17:18","OUTBOUND","UDP","192.168.9.88","54072","172.27.96.80","50682","ALLOW","Allow-Standard","76186","16","SRV-SQL1",,""
"2025-08-29T04:18:31","INBOUND","UDP","192.168.59.232","11111","172.17.122.19","443","ALLOW","Allow-Standard","102205","1137","WIN10LAB",,""
"2025-08-29T04:20:42","OUTBOUND","UDP","192.168.31.58","27082","215.4.225.141","61653","ALLOW","Allow-Standard","95706","387","SRV-FILE1",,""
"2025-08-29T04:21:59","OUTBOUND","TCP","192.168.1.75","844","201.107.181.160","33393","ALLOW","Allow-Standard","196495","240","SRV-WEB1",,""
"2025-08-29T04:22:06","INBOUND","UDP","172.30.79.241","22464","10.234.89.182","139","ALLOW","Allow-Standard","106378","732","SRV-SQL1","achapman",""
"2025-08-29T04:22:50","INBOUND","UDP","192.168.122.191","16137","10.199.162.90","443","BLOCK","Default-Deny","127202","322","SRV-DC1",,"Potential noise or policy match"
"2025-08-29T04:27:55","OUTBOUND","TCP","192.168.68.199","26147","192.168.152.171","42918","ALLOW","Allow-Standard","53744","1100","WIN10LAB",,""
"2025-08-29T04:30:46","OUTBOUND","UDP","10.186.87.51","46251","210.238.166.187","53436","ALLOW","Allow-Standard","44478","588","SRV-DC1",,""
"2025-08-29T04:32:00","OUTBOUND","TCP","192.168.152.94","357","192.168.57.215","52399","ALLOW","Allow-Standard","105433","445","SRV-REMOTE1",,""
"2025-08-29T04:32:39","INBOUND","UDP","10.52.164.164","34651","192.168.133.139","57331","ALLOW","Allow-Standard","37374","82","WIN10LAB",,""
"2025-08-29T04:33:04","INBOUND","TCP","172.25.204.114","392","192.168.178.110","11683","ALLOW","Allow-Standard","185126","175","SRV-DC1",,""
"2025-08-29T04:35:13","OUTBOUND","TCP","172.22.215.223","11462","119.206.83.252","36902","ALLOW","Allow-Standard","134061","149","SRV-FILE1",,""
"2025-08-29T04:37:05","OUTBOUND","UDP","192.168.163.116","60816","172.22.168.238","62855","ALLOW","Allow-Standard","149810","103","SRV-REMOTE1",,""
"2025-08-29T04:38:35","OUTBOUND","TCP","10.92.171.243","662","10.23.184.33","64569","ALLOW","Allow-Standard","38482","123","SRV-SIEM1",,""
"2025-08-29T04:40:48","INBOUND","UDP","192.168.187.88","64059","172.21.114.217","25045","ALLOW","Allow-Standard","114023","179","SRV-DC1",,""
"2025-08-29T04:42:26","OUTBOUND","UDP","172.27.135.57","3389","7.163.162.137","4541","ALLOW","Allow-Standard","163455","912","SRV-FILE1",,""
"2025-08-29T04:45:02","OUTBOUND","UDP","192.168.74.42","14","192.168.146.215","7692","ALLOW","Allow-Standard","134099","358","SRV-WEB1",,""
"2025-08-29T04:46:54","INBOUND","TCP","192.168.42.39","37731","172.28.17.92","8408","ALLOW","Allow-Standard","72204","370","SRV-DC1",,""
"2025-08-29T04:47:19","INBOUND","TCP","172.24.33.121","2291","10.164.35.170","1421","ALLOW","Allow-Standard","92811","1091","SRV-REMOTE1",,""
"2025-08-29T04:58:43","INBOUND","TCP","172.26.26.79","64820","192.168.129.175","139","ALLOW","Allow-Standard","67596","518","SRV-SIEM1",,""
"2025-08-29T05:01:43","OUTBOUND","UDP","192.168.83.112","25","192.168.104.91","556","ALLOW","Allow-Standard","92937","114","SRV-SIEM1",,""
"2025-08-29T05:03:03","OUTBOUND","TCP","172.31.6.39","976","144.1.225.39","14097","ALLOW","Allow-Standard","83961","542","SRV-FILE1",,""
"2025-08-29T05:06:05","OUTBOUND","UDP","10.231.59.218","808","172.18.20.103","22437","ALLOW","Allow-Standard","88070","826","SRV-FILE1",,""
"2025-08-29T05:10:11","OUTBOUND","TCP","192.168.150.146","3166","192.168.110.72","60256","BLOCK","Default-Deny","120808","762","SRV-REMOTE1",,"Potential noise or policy match"
"2025-08-29T05:11:02","INBOUND","TCP","10.246.45.150","42667","192.168.35.225","443","BLOCK","Default-Deny","185057","1023","SRV-FILE1",,"Potential noise or policy match"
"2025-08-29T05:11:15","OUTBOUND","TCP","172.21.118.71","28638","10.109.82.126","3539","ALLOW","Allow-Standard","5746","115","SRV-REMOTE1",,""
"2025-08-29T05:12:27","OUTBOUND","TCP","10.3.82.150","1244","172.24.71.17","141","ALLOW","Allow-Standard","124579","88","SRV-FILE1","svc_web",""
"2025-08-29T05:13:57","OUTBOUND","TCP","10.239.79.245","469","10.180.190.196","26282","ALLOW","Allow-Standard","104157","173","SRV-WEB1",,""
"2025-08-29T05:16:37","OUTBOUND","TCP","10.142.189.22","22929","76.202.234.81","56647","ALLOW","Allow-Standard","135408","409","SRV-FILE1","hlee",""
"2025-08-29T05:18:31","OUTBOUND","UDP","172.18.188.67","58162","206.22.149.243","13492","BLOCK","Default-Deny","74455","1088","SRV-DC1","kparker","Potential noise or policy match"
"2025-08-29T05:18:31","OUTBOUND","TCP","10.251.93.9","27074","10.138.198.8","17760","ALLOW","Allow-Standard","104524","853","SRV-SIEM1",,""
"2025-08-29T05:22:53","INBOUND","UDP","192.168.115.197","50277","192.168.10.132","6614","ALLOW","Allow-Standard","83752","659","SRV-DC1",,""
"2025-08-29T05:25:11","INBOUND","UDP","144.228.138.9","27493","10.193.11.143","13531","ALLOW","Allow-Standard","36168","963","SRV-FILE1","hlee",""
"2025-08-29T05:28:10","OUTBOUND","TCP","172.22.99.207","53868","192.168.180.251","12436","ALLOW","Allow-Standard","11331","54","SRV-SQL1",,""
"2025-08-29T05:29:26","OUTBOUND","UDP","172.23.89.208","25","60.129.239.92","6111","BLOCK","Default-Deny","35358","676","SRV-WEB1",,"Potential noise or policy match"
"2025-08-29T05:30:18","OUTBOUND","TCP","10.23.83.237","64962","39.190.14.28","24716","ALLOW","Allow-Standard","88859","1088","SRV-SIEM1",,""
"2025-08-29T05:30:47","INBOUND","TCP","10.34.21.74","22587","192.168.231.51","110","ALLOW","Allow-Standard","148566","67","SRV-FILE1",,""
"2025-08-29T05:30:57","OUTBOUND","UDP","192.168.20.252","53","200.56.100.120","23769","ALLOW","Allow-Standard","31832","148","SRV-WEB1","Administrator",""
"2025-08-29T05:31:57","OUTBOUND","UDP","172.25.237.71","443","202.70.122.148","871","ALLOW","Allow-Standard","199283","38","SRV-WEB1",,""
"2025-08-29T05:32:00","INBOUND","TCP","10.189.74.91","54851","192.168.83.131","64534","ALLOW","Allow-Standard","116607","994","WIN10LAB",,""
"2025-08-29T05:35:02","INBOUND","TCP","10.197.160.220","49933","10.227.178.216","110","BLOCK","Default-Deny","42988","622","SRV-SQL1",,"Potential noise or policy match"
"2025-08-29T05:35:05","INBOUND","TCP","192.168.71.186","61252","10.147.111.24","110","ALLOW","Allow-Standard","10116","53","SRV-SQL1","mgarcia",""
"2025-08-29T05:38:21","OUTBOUND","UDP","192.168.202.128","23051","129.242.182.193","12611","BLOCK","Default-Deny","18426","1002","WIN10LAB",,"Potential noise or policy match"
"2025-08-29T05:42:40","OUTBOUND","UDP","10.91.199.148","53","192.168.209.19","959","BLOCK","Default-Deny","198036","886","SRV-SQL1",,"Potential noise or policy match"
"2025-08-29T05:42:50","OUTBOUND","UDP","192.168.39.90","451","192.168.138.140","25590","ALLOW","Allow-Standard","152506","491","SRV-DC1",,""
"2025-08-29T05:46:18","OUTBOUND","UDP","10.246.165.149","22250","62.11.173.145","17833","ALLOW","Allow-Standard","98711","1095","SRV-SIEM1","svc_sql",""
"2025-08-29T05:48:07","INBOUND","TCP","34.160.120.47","45771","192.168.173.172","22208","ALLOW","Allow-Standard","40034","60","SRV-FILE1",,""
"2025-08-29T05:49:42","INBOUND","UDP","172.29.195.206","40660","192.168.99.152","110","ALLOW","Allow-Standard","37755","616","WIN10LAB",,""
"2025-08-29T05:51:20","INBOUND","UDP","192.168.155.211","51922","10.216.111.10","9572","ALLOW","Allow-Standard","39111","7","WIN10LAB","bpatel",""
"2025-08-29T05:51:27","INBOUND","UDP","148.64.183.46","59514","172.20.170.6","155","ALLOW","Allow-Standard","83445","197","SRV-SQL1",,""
"2025-08-29T05:52:38","INBOUND","TCP","10.51.205.76","40802","172.30.145.40","52271","ALLOW","Allow-Standard","138962","406","SRV-SQL1","Administrator",""
"2025-08-29T05:53:21","INBOUND","TCP","192.168.235.87","29982","10.90.73.133","22858","ALLOW","Allow-Standard","119379","375","SRV-SIEM1","Administrator",""
"2025-08-29T05:54:53","INBOUND","UDP","172.18.0.37","14036","192.168.60.125","587","ALLOW","Allow-Standard","72623","56","WIN10LAB",,""
"2025-08-29T05:58:51","INBOUND","UDP","10.155.151.5","26022","10.59.32.251","3747","BLOCK","Default-Deny","150070","700","WIN10LAB",,"Potential noise or policy match"
"2025-08-29T06:15:47","OUTBOUND","UDP","172.22.52.206","314","81.154.29.138","211","ALLOW","Allow-Standard","163393","556","SRV-SQL1",,""
"2025-08-29T06:22:56","OUTBOUND","TCP","172.21.75.230","23","192.168.145.216","54178","ALLOW","Allow-Standard","105506","1102","SRV-REMOTE1","svc_web",""
"2025-08-29T06:26:16","OUTBOUND","UDP","10.45.183.203","41585","73.1.72.246","17453","ALLOW","Allow-Standard","24733","874","WIN10LAB",,""
"2025-08-29T06:28:01","INBOUND","UDP","213.195.20.68","61500","10.70.163.165","8443","ALLOW","Allow-Standard","153366","145","WIN10LAB",,""
"2025-08-29T06:33:05","OUTBOUND","UDP","192.168.38.245","9528","192.168.77.31","17307","ALLOW","Allow-Standard","97041","747","WIN10LAB",,""
"2025-08-29T06:35:38","OUTBOUND","UDP","172.22.74.20","3389","192.168.36.138","56411","ALLOW","Allow-Standard","198998","697","SRV-SQL1",,""
"2025-08-29T06:40:08","OUTBOUND","UDP","10.145.50.74","53","10.99.176.230","8312","ALLOW","Allow-Standard","117255","252","WIN10LAB",,""
"2025-08-29T06:40:18","OUTBOUND","UDP","192.168.224.113","964","172.30.176.52","2938","ALLOW","Allow-Standard","8815","1124","SRV-SIEM1",,""
"2025-08-29T06:43:59","OUTBOUND","TCP","10.48.144.41","187","172.31.236.41","5461","ALLOW","Allow-Standard","130695","218","SRV-SIEM1",,""
"2025-08-29T06:45:24","OUTBOUND","UDP","192.168.24.219","27550","8.2.107.198","64737","ALLOW","Allow-Standard","11813","40","SRV-WEB1",,""
"2025-08-29T06:46:31","INBOUND","UDP","192.168.217.161","528","192.168.63.2","139","ALLOW","Allow-Standard","84391","341","SRV-WEB1",,""
"2025-08-29T06:49:57","INBOUND","TCP","10.247.159.152","61959","192.168.201.218","12590","ALLOW","Allow-Standard","25084","964","WIN10LAB","mgarcia",""
"2025-08-29T06:50:11","OUTBOUND","TCP","10.245.171.245","43096","172.21.147.94","38002","ALLOW","Allow-Standard","93106","81","WIN10LAB",,""
"2025-08-29T06:50:21","OUTBOUND","TCP","10.147.216.69","28392","132.219.199.47","44796","ALLOW","Allow-Standard","40102","1168","SRV-REMOTE1",,""
"2025-08-29T06:51:59","OUTBOUND","UDP","10.240.143.122","36643","10.31.169.228","7568","BLOCK","Default-Deny","6663","1051","WIN10LAB",,"Potential noise or policy match"
"2025-08-29T06:58:37","INBOUND","UDP","192.168.72.174","35088","10.90.182.148","62307","ALLOW","Allow-Standard","140193","571","SRV-SIEM1","jsmith",""
"2025-08-29T07:08:08","OUTBOUND","UDP","172.27.40.163","80","121.239.220.26","27134","ALLOW","Allow-Standard","70849","460","SRV-DC1",,""
"2025-08-29T07:10:10","INBOUND","UDP","172.23.246.221","19716","192.168.247.43","139","ALLOW","Allow-Standard","157331","1124","SRV-SQL1",,""
"2025-08-29T07:13:52","OUTBOUND","UDP","10.47.129.215","278","162.187.145.181","32300","ALLOW","Allow-Standard","154930","1190","SRV-FILE1",,""
"2025-08-29T07:16:17","OUTBOUND","TCP","192.168.249.214","11512","192.168.90.119","5775","ALLOW","Allow-Standard","128706","140","SRV-DC1",,""
"2025-08-29T07:17:45","OUTBOUND","TCP","172.26.221.166","56045","152.134.148.159","35188","ALLOW","Allow-Standard","15497","404","SRV-DC1",,""
"2025-08-29T07:19:50","INBOUND","TCP","172.17.1.164","25970","192.168.139.152","43296","ALLOW","Allow-Standard","141206","1114","SRV-SIEM1","Administrator",""
"2025-08-29T07:25:12","OUTBOUND","TCP","192.168.195.202","80","172.28.64.200","17181","ALLOW","Allow-Standard","114134","924","SRV-SIEM1",,""
"2025-08-29T07:25:47","OUTBOUND","UDP","10.192.205.53","6818","192.168.78.215","349","ALLOW","Allow-Standard","43113","174","WIN10LAB",,""
"2025-08-29T07:28:13","INBOUND","TCP","174.167.125.236","48993","10.115.121.252","25","BLOCK","Default-Deny","23191","859","SRV-WEB1",,"Potential noise or policy match"
"2025-08-29T07:28:25","OUTBOUND","UDP","192.168.147.102","143","10.97.174.97","11309","ALLOW","Allow-Standard","129304","948","SRV-WEB1","tnguyen",""
"2025-08-29T07:37:30","OUTBOUND","UDP","192.168.166.138","9518","8.236.37.183","15316","ALLOW","Allow-Standard","20380","781","SRV-REMOTE1",,""
"2025-08-29T07:37:36","INBOUND","UDP","10.25.203.236","61129","10.70.191.240","135","BLOCK","Default-Deny","160021","164","WIN10LAB",,"Potential noise or policy match"
"2025-08-29T07:38:59","OUTBOUND","UDP","172.19.209.113","18184","192.168.49.155","23776","BLOCK","Default-Deny","194206","710","WIN10LAB",,"Potential noise or policy match"
"2025-08-29T07:40:20","OUTBOUND","UDP","10.23.81.155","139","210.26.206.148","33316","ALLOW","Allow-Standard","107036","229","WIN10LAB",,""
"2025-08-29T07:41:14","OUTBOUND","UDP","10.239.109.191","331","199.73.116.249","53660","BLOCK","Default-Deny","166121","166","SRV-SQL1",,"Potential noise or policy match"
"2025-08-29T07:45:51","OUTBOUND","UDP","192.168.131.173","50444","10.92.75.237","120","ALLOW","Allow-Standard","78238","80","SRV-REMOTE1",,""
"2025-08-29T07:47:03","OUTBOUND","UDP","172.22.43.45","25854","10.89.162.99","41119","ALLOW","Allow-Standard","155401","305","SRV-WEB1","bpatel",""
"2025-08-29T07:48:30","INBOUND","UDP","130.1.175.176","1701","192.168.211.126","8080","ALLOW","Allow-Standard","83819","656","SRV-SIEM1",,""
"2025-08-29T07:50:43","OUTBOUND","UDP","10.82.199.167","46314","192.168.208.39","132","ALLOW","Allow-Standard","158462","784","SRV-WEB1",,""
"2025-08-29T07:51:56","OUTBOUND","TCP","172.19.77.196","80","60.158.138.222","45547","ALLOW","Allow-Standard","115845","439","SRV-REMOTE1",,""
"2025-08-29T07:53:51","INBOUND","UDP","28.74.161.176","52951","172.26.180.196","135","ALLOW","Allow-Standard","100351","332","SRV-WEB1",,""
"2025-08-29T07:56:03","INBOUND","TCP","192.168.164.251","905","10.152.115.209","80","ALLOW","Allow-Standard","134518","333","SRV-WEB1",,""
"2025-08-29T07:57:56","OUTBOUND","UDP","172.19.154.195","55388","11.158.241.44","11657","ALLOW","Allow-Standard","91517","352","SRV-FILE1",,""
"2025-08-29T08:00:28","INBOUND","UDP","172.25.244.238","12557","192.168.48.157","2734","ALLOW","Allow-Standard","49653","1187","SRV-DC1",,""
"2025-08-29T08:07:38","OUTBOUND","TCP","10.87.122.213","22284","10.37.40.9","46229","ALLOW","Allow-Standard","63420","921","SRV-SIEM1",,""
"2025-08-29T08:10:52","OUTBOUND","UDP","10.69.9.135","45901","10.167.214.82","38950","ALLOW","Allow-Standard","66434","428","SRV-SQL1",,""
"2025-08-29T08:16:09","OUTBOUND","TCP","10.184.52.126","64041","192.168.192.148","14352","ALLOW","Allow-Standard","3978","629","SRV-REMOTE1",,""
"2025-08-29T08:18:17","INBOUND","TCP","54.49.90.8","10333","10.58.201.112","110","ALLOW","Allow-Standard","46819","68","WIN10LAB","tnguyen",""
"2025-08-29T08:21:42","INBOUND","UDP","10.183.89.142","49526","172.19.191.146","37221","ALLOW","Allow-Standard","139414","263","SRV-FILE1",,""
"2025-08-29T08:26:33","OUTBOUND","TCP","192.168.127.34","389","126.151.115.147","58799","ALLOW","Allow-Standard","15185","713","SRV-WEB1","kparker",""
"2025-08-29T08:27:07","OUTBOUND","UDP","10.190.199.63","11079","172.26.21.2","20246","ALLOW","Allow-Standard","67836","1014","SRV-FILE1",,""
"2025-08-29T08:27:36","OUTBOUND","UDP","10.106.48.141","47332","37.115.147.197","62755","BLOCK","Default-Deny","140014","581","SRV-REMOTE1",,"Potential noise or policy match"
"2025-08-29T08:29:32","OUTBOUND","TCP","172.19.252.176","14770","172.18.40.238","28324","ALLOW","Allow-Standard","62744","471","SRV-SIEM1",,""
"2025-08-29T08:29:35","INBOUND","TCP","10.9.165.25","37288","172.30.63.29","445","ALLOW","Allow-Standard","103255","638","SRV-SQL1","kparker",""
"2025-08-29T08:32:16","INBOUND","TCP","16.162.246.147","62202","10.148.154.61","39010","BLOCK","Default-Deny","76595","731","SRV-DC1",,"Potential noise or policy match"
"2025-08-29T08:33:20","OUTBOUND","UDP","10.219.97.37","393","10.239.113.57","45450","BLOCK","Default-Deny","18350","859","SRV-SIEM1",,"Potential noise or policy match"
"2025-08-29T08:36:30","OUTBOUND","TCP","192.168.244.87","59764","116.183.199.151","33779","BLOCK","Default-Deny","49290","498","WIN10LAB",,"Potential noise or policy match"
"2025-08-29T08:38:08","INBOUND","TCP","210.49.91.17","27520","172.27.113.222","53","ALLOW","Allow-Standard","1209","54","SRV-REMOTE1",,""
"2025-08-29T08:38:58","OUTBOUND","TCP","192.168.241.153","56969","10.208.243.174","13151","ALLOW","Allow-Standard","136153","1117","SRV-SQL1","jsmith",""
"2025-08-29T08:42:57","OUTBOUND","TCP","172.23.186.90","942","10.88.217.136","663","ALLOW","Allow-Standard","190692","733","WIN10LAB",,""
"2025-08-29T08:43:54","OUTBOUND","UDP","172.22.67.2","49033","24.147.150.205","54556","ALLOW","Allow-Standard","16844","1136","SRV-FILE1",,""
"2025-08-29T08:45:02","INBOUND","TCP","82.111.111.211","17782","10.109.93.42","5896","ALLOW","Allow-Standard","92641","182","SRV-FILE1",,""
"2025-08-29T08:45:30","OUTBOUND","UDP","172.24.84.63","80","172.23.42.118","31929","ALLOW","Allow-Standard","65600","441","SRV-FILE1",,""
"2025-08-29T08:46:27","INBOUND","TCP","192.168.208.121","18306","172.21.50.161","8080","ALLOW","Allow-Standard","34622","954","SRV-SIEM1",,""
"2025-08-29T08:47:02","INBOUND","TCP","38.116.182.184","843","192.168.40.55","19814","BLOCK","Default-Deny","56730","845","SRV-DC1",,"Potential noise or policy match"
"2025-08-29T08:47:21","INBOUND","TCP","73.42.231.117","28426","172.29.162.209","8443","ALLOW","Allow-Standard","199993","1005","SRV-SIEM1","tnguyen",""
"2025-08-29T08:50:25","OUTBOUND","TCP","172.26.31.192","3077","10.166.73.113","269","ALLOW","Allow-Standard","180424","858","SRV-REMOTE1",,""
"2025-08-29T08:51:24","INBOUND","TCP","172.24.190.11","44938","172.24.150.14","47614","ALLOW","Allow-Standard","77974","1046","SRV-SIEM1",,""
"2025-08-29T08:53:17","INBOUND","UDP","192.168.39.126","12432","192.168.6.204","139","BLOCK","Default-Deny","11042","61","WIN10LAB",,"Potential noise or policy match"
"2025-08-29T08:56:22","INBOUND","UDP","172.31.127.39","52243","172.29.155.201","65488","ALLOW","Allow-Standard","63922","313","SRV-FILE1",,""
"2025-08-29T09:12:38","OUTBOUND","UDP","10.240.221.72","44791","100.243.142.72","36288","ALLOW","Allow-Standard","118021","1002","SRV-FILE1","svc_web",""
"2025-08-29T09:13:23","INBOUND","UDP","192.168.133.53","31728","192.168.118.199","62772","ALLOW","Allow-Standard","86156","111","SRV-WEB1","mgarcia",""
"2025-08-29T09:16:22","INBOUND","TCP","10.134.157.185","311","172.22.228.63","8443","BLOCK","Default-Deny","147766","1011","SRV-REMOTE1",,"Potential noise or policy match"
"2025-08-29T09:19:10","INBOUND","UDP","192.168.107.11","61265","192.168.16.169","53","ALLOW","Allow-Standard","163149","774","SRV-REMOTE1",,""
"2025-08-29T09:24:39","INBOUND","TCP","192.168.72.238","59819","192.168.150.124","9672","ALLOW","Allow-Standard","136730","198","SRV-WEB1",,""
"2025-08-29T09:27:01","OUTBOUND","TCP","10.246.86.11","389","10.154.175.43","36113","ALLOW","Allow-Standard","157950","230","SRV-SIEM1",,""
"2025-08-29T09:29:21","OUTBOUND","UDP","192.168.19.178","8443","172.18.189.10","60668","ALLOW","Allow-Standard","76993","907","SRV-FILE1",,""
"2025-08-29T09:33:16","OUTBOUND","UDP","10.83.126.196","16706","192.168.97.173","30299","ALLOW","Allow-Standard","153266","334","SRV-REMOTE1",,""
"2025-08-29T09:33:34","INBOUND","UDP","10.98.232.122","50720","10.149.235.154","135","BLOCK","Default-Deny","33594","985","SRV-SIEM1",,"Potential noise or policy match"
"2025-08-29T09:35:43","INBOUND","UDP","10.192.218.152","41702","10.145.2.120","143","ALLOW","Allow-Standard","83352","457","SRV-WEB1","svc_sql",""
"2025-08-29T09:38:39","OUTBOUND","TCP","192.168.98.149","4068","172.29.217.157","51206","ALLOW","Allow-Standard","198116","709","SRV-DC1",,""
"2025-08-29T09:39:41","OUTBOUND","UDP","192.168.220.187","39054","192.168.157.200","31974","BLOCK","Default-Deny","53625","242","SRV-WEB1",,"Potential noise or policy match"
"2025-08-29T09:40:11","INBOUND","TCP","179.61.166.86","899","192.168.153.152","53","ALLOW","Allow-Standard","120711","55","WIN10LAB",,""
"2025-08-29T09:43:07","OUTBOUND","TCP","172.16.120.69","861","10.63.186.235","12087","ALLOW","Allow-Standard","108524","409","SRV-REMOTE1",,""
"2025-08-29T09:43:47","OUTBOUND","TCP","192.168.239.84","22","10.18.176.71","58601","ALLOW","Allow-Standard","38687","927","SRV-REMOTE1",,""
"2025-08-29T09:44:30","OUTBOUND","TCP","10.195.126.195","19559","10.18.59.154","37006","ALLOW","Allow-Standard","181454","408","SRV-DC1",,""
"2025-08-29T09:49:40","INBOUND","UDP","192.168.79.35","58045","10.11.150.145","110","ALLOW","Allow-Standard","19297","978","SRV-WEB1",,""
"2025-08-29T09:50:46","INBOUND","TCP","192.168.68.247","16533","192.168.118.105","40636","ALLOW","Allow-Standard","29772","840","SRV-SQL1",,""
"2025-08-29T09:50:50","INBOUND","UDP","192.168.56.7","31919","192.168.142.86","55267","ALLOW","Allow-Standard","2373","865","SRV-WEB1",,""
"2025-08-29T09:51:43","OUTBOUND","TCP","10.219.179.79","344","10.67.179.149","44526","ALLOW","Allow-Standard","161294","910","SRV-FILE1",,""
"2025-08-29T09:52:43","INBOUND","TCP","192.168.62.209","30270","10.19.4.76","36255","ALLOW","Allow-Standard","142189","369","SRV-SIEM1",,""
"2025-08-29T09:54:29","OUTBOUND","TCP","172.31.34.18","2765","10.116.19.201","51763","ALLOW","Allow-Standard","103494","1157","SRV-DC1",,""
"2025-08-29T09:54:47","INBOUND","UDP","5.131.100.95","156","172.18.23.253","26269","BLOCK","Default-Deny","38254","1146","SRV-SQL1",,"Potential noise or policy match"
"2025-08-29T09:56:11","OUTBOUND","UDP","192.168.96.115","25996","172.31.109.250","8789","ALLOW","Allow-Standard","51077","997","SRV-WEB1","Administrator",""
"2025-08-29T09:57:25","INBOUND","TCP","124.16.19.220","29721","192.168.152.225","40913","ALLOW","Allow-Standard","60122","788","SRV-DC1",,""
"2025-08-29T09:57:43","INBOUND","TCP","192.168.101.150","17130","172.29.178.233","43622","ALLOW","Allow-Standard","154576","705","WIN10LAB",,""
"2025-08-29T09:58:23","INBOUND","UDP","172.25.58.20","63268","10.160.133.148","23","ALLOW","Allow-Standard","151607","78","SRV-SQL1",,""
"2025-08-29T10:00:06","OUTBOUND","TCP","10.45.225.191","57436","10.123.92.238","4848","BLOCK","Default-Deny","173628","473","SRV-SQL1",,"Potential noise or policy match"
"2025-08-29T10:01:25","OUTBOUND","UDP","172.24.222.175","120","10.81.195.245","36561","ALLOW","Allow-Standard","125949","213","SRV-FILE1",,""
"2025-08-29T10:04:27","INBOUND","TCP","192.168.35.142","8039","10.81.192.211","53","ALLOW","Allow-Standard","53011","64","SRV-FILE1",,""
"2025-08-29T10:04:32","OUTBOUND","TCP","192.168.69.176","46721","10.80.42.77","22","ALLOW","Allow-Standard","42190","759","SRV-REMOTE1",,""
"2025-08-29T10:05:10","INBOUND","UDP","192.168.234.22","10536","10.235.34.174","41140","BLOCK","Default-Deny","174468","915","SRV-WEB1",,"Potential noise or policy match"
"2025-08-29T10:05:30","OUTBOUND","UDP","172.17.227.84","16509","172.31.141.111","40052","BLOCK","Default-Deny","40853","357","SRV-SQL1","mgarcia","Potential noise or policy match"
"2025-08-29T10:08:56","OUTBOUND","TCP","10.157.93.112","912","91.204.197.140","65013","ALLOW","Allow-Standard","39736","484","SRV-WEB1",,""
"2025-08-29T10:10:22","OUTBOUND","UDP","192.168.117.26","2548","172.26.200.152","41653","BLOCK","Default-Deny","133161","698","SRV-REMOTE1",,"Potential noise or policy match"
"2025-08-29T10:10:40","OUTBOUND","TCP","192.168.72.251","139","189.133.116.34","58200","ALLOW","Allow-Standard","165143","291","SRV-REMOTE1",,""
"2025-08-29T10:11:23","OUTBOUND","TCP","172.28.140.105","46355","10.12.135.181","5567","ALLOW","Allow-Standard","131567","568","SRV-REMOTE1",,""
"2025-08-29T10:12:33","INBOUND","TCP","10.142.198.233","855","192.168.182.177","135","ALLOW","Allow-Standard","42660","914","SRV-DC1",,""
"2025-08-29T10:14:30","INBOUND","TCP","192.168.7.59","20006","192.168.59.173","587","ALLOW","Allow-Standard","2800","601","SRV-FILE1",,""
"2025-08-29T10:17:40","OUTBOUND","UDP","192.168.215.4","110","172.21.162.116","26208","ALLOW","Allow-Standard","3815","404","SRV-SIEM1",,""
"2025-08-29T10:19:40","OUTBOUND","TCP","172.31.132.84","53","10.67.82.70","6951","ALLOW","Allow-Standard","191532","722","SRV-DC1","jsmith",""
"2025-08-29T10:25:13","OUTBOUND","TCP","172.22.44.242","49411","192.168.203.90","61441","BLOCK","Default-Deny","56427","157","SRV-WEB1","kparker","Potential noise or policy match"
"2025-08-29T10:26:47","OUTBOUND","UDP","172.22.147.251","51","191.142.154.67","43844","ALLOW","Allow-Standard","87742","344","WIN10LAB",,""
"2025-08-29T10:27:23","INBOUND","UDP","219.170.193.250","31034","10.88.84.173","445","ALLOW","Allow-Standard","179346","136","SRV-WEB1",,""
"2025-08-29T10:27:57","OUTBOUND","TCP","10.249.9.181","22","172.29.213.160","4949","ALLOW","Allow-Standard","173610","117","SRV-WEB1",,""
"2025-08-29T10:28:44","OUTBOUND","TCP","172.23.130.179","844","172.25.145.174","17340","BLOCK","Default-Deny","60577","579","SRV-WEB1",,"Potential noise or policy match"
"2025-08-29T10:33:24","INBOUND","UDP","192.168.90.136","11582","192.168.129.206","41946","ALLOW","Allow-Standard","65003","168","SRV-FILE1",,""
"2025-08-29T10:34:53","OUTBOUND","UDP","10.83.249.87","32725","192.168.130.244","31714","BLOCK","Default-Deny","147895","573","SRV-WEB1",,"Potential noise or policy match"
"2025-08-29T10:39:20","OUTBOUND","TCP","10.108.205.180","7375","189.225.21.113","15728","ALLOW","Allow-Standard","195026","9","SRV-FILE1",,""
"2025-08-29T10:42:50","INBOUND","UDP","172.20.45.60","44422","192.168.102.51","7310","ALLOW","Allow-Standard","121506","152","SRV-SIEM1","svc_sql",""
"2025-08-29T10:51:24","OUTBOUND","UDP","192.168.82.192","43","10.148.144.129","7968","ALLOW","Allow-Standard","96197","167","SRV-SIEM1",,""
"2025-08-29T11:03:59","INBOUND","TCP","95.219.67.115","37372","172.22.11.40","80","ALLOW","Allow-Standard","178529","609","SRV-SQL1",,""
"2025-08-29T11:04:34","INBOUND","TCP","199.100.152.193","963","172.17.178.59","135","ALLOW","Allow-Standard","177123","583","SRV-REMOTE1",,""
"2025-08-29T11:05:14","INBOUND","UDP","10.79.204.135","50861","172.23.80.162","9970","ALLOW","Allow-Standard","125698","206","SRV-SIEM1",,""
"2025-08-29T11:10:59","OUTBOUND","TCP","10.222.51.113","80","192.168.166.141","41903","ALLOW","Allow-Standard","46033","881","SRV-SQL1","mgarcia",""
"2025-08-29T11:11:45","INBOUND","UDP","222.42.173.123","51983","172.30.53.218","22","ALLOW","Allow-Standard","85334","1172","WIN10LAB",,""
"2025-08-29T11:14:50","INBOUND","UDP","192.168.215.74","39995","10.49.50.143","3389","ALLOW","Allow-Standard","38746","581","WIN10LAB",,""
"2025-08-29T11:26:55","INBOUND","UDP","140.34.102.223","19415","192.168.218.132","23","BLOCK","Default-Deny","87240","589","WIN10LAB",,"Potential noise or policy match"
"2025-08-29T11:30:05","INBOUND","TCP","192.168.105.131","61241","192.168.123.114","23793","ALLOW","Allow-Standard","101721","925","SRV-DC1",,""
"2025-08-29T11:30:22","INBOUND","UDP","192.168.1.184","26770","172.30.209.76","5674","ALLOW","Allow-Standard","2626","642","WIN10LAB",,""
"2025-08-29T11:31:50","OUTBOUND","UDP","192.168.21.149","59955","131.215.142.39","537","ALLOW","Allow-Standard","153659","967","SRV-SQL1",,""
"2025-08-29T11:32:34","INBOUND","TCP","192.168.56.120","45107","172.31.120.12","35243","ALLOW","Allow-Standard","59074","224","SRV-DC1",,""
"2025-08-29T11:33:14","OUTBOUND","TCP","10.91.6.212","15441","109.136.97.151","55","ALLOW","Allow-Standard","177355","639","SRV-DC1",,""
"2025-08-29T11:34:35","OUTBOUND","TCP","172.29.205.239","53","172.21.129.88","45414","ALLOW","Allow-Standard","87819","873","SRV-REMOTE1",,""
"2025-08-29T11:36:30","OUTBOUND","UDP","10.110.130.203","16012","10.188.185.12","16524","ALLOW","Allow-Standard","115547","467","SRV-FILE1",,""
"2025-08-29T11:44:22","INBOUND","UDP","10.161.54.126","55193","192.168.195.134","23","ALLOW","Allow-Standard","77070","559","SRV-FILE1",,""
"2025-08-29T11:46:20","INBOUND","UDP","192.168.140.78","238","172.26.219.79","80","ALLOW","Allow-Standard","87864","969","SRV-DC1",,""
"2025-08-29T11:46:36","INBOUND","TCP","172.19.200.179","13223","192.168.5.41","110","ALLOW","Allow-Standard","192438","905","SRV-SQL1",,""
